index,bearing,latitude_geo,longitude_geo,speed_over_ground,desired_operating_speed_engine,engine_speed,fuel_delivery_pressure_sensor,fuel_pressure,fuel_rate,level_engine_coolant,load,engine_oil_filter_diff_pressure_j1939,oil_pressure,position_accelerator_pedal_1,position_engine_throttle,potential_battery_power_input_1,pressure_diff_fuel_filter,pressure_engine_coolant ,pressure_engine_crankcase,pressure_engine_inlet_air,pressure_engine_intake_manifold_1,rated_speed_engine,running_hours,temperature_ambient_air,temperature_engine_air_inlet,temperature_engine_coolant,temperature_engine_fuel_1,temperature_engine_intake_manifold_1,left_manifold_exh_gas_temperature,right_manifold_exh_gas_temperature,total_average_fuel_rate_engine,total_fuel_used_engine,transmission_1_oil_pressure,transmission_oil_temperature_1,trip_fuel_engine,acceleration_x,acceleration_y,acceleration_z,operation,year,month,day,hour,minute,second
1,98.6753,50.417477,7.56038,0,650,0,0,0,0,0,0,0,0,0,0,25.65,6.8,0,0,0,0,0,412.35,0,0,65.9,0,66,119.313,94.813,84.45,34824,16,26,34824,0.02043488,-0.10380384,0.00880992,0,2021,6,1,0,3,44
2,98.6753,50.417477,7.56038,0,650,0,0,0,0,0,0,0,0,0,0,25.7,6.8,0,0,0,0,0,412.35,0,0,65.9,0,66,119.313,94.813,84.45,34824,16,26,34824,0.02043488,-0.10380384,0.00880992,0,2021,6,1,0,3,45
3,98.6753,50.417477,7.56038,0,650,0,0,0,0,0,0,0,0,0,0,25.7,6.8,0,0,0,0,0,412.35,0,0,65.9,0,66,119.313,94.813,84.45,34824,16,26,34824,0.02043488,-0.10380384,0.00880992,0,2021,6,1,0,3,46
4,98.6753,50.417477,7.56038,0,650,0,0,0,0,0,0,0,0,0,0,25.7,6.8,0,0,0,0,0,412.35,0,0,65.9,0,66,119.313,94.813,84.45,34824,16,26,34824,0.01373168,-0.10801728,-0.00076608,0,2021,6,1,0,3,54
5,98.6753,50.417477,7.56038,0,650,0,0,0,0,0,0,0,0,0,0,25.7,6,0,0,0,0,0,412.35,0,0,65.818184,0,66,119.313,94.813,84.45,34824,14.545455,26,34824,0.01373168,-0.10801728,-0.00076608,0,2021,6,1,0,3,59
6,98.6753,50.417477,7.56038,0,650,0,0,0,0,0,0,0,0,0,0,25.7,6,0,0,0,0,0,412.35,0,0,65.818184,0,66,119.313,94.813,84.45,34824,14.545455,26,34824,0.01890272,-0.10418688,0.01187424,0,2021,6,1,0,4,6
7,98.6753,50.417477,7.560382,0,650,0,0,0,0,0,0,0,0,0,0,25.7,6,0,0,0,0,0,412.35,0,0,65.818184,0,66,119.313,94.813,84.45,34824,14.545455,26,34824,0.01890272,-0.10418688,0.01187424,0,2021,6,1,0,4,14
8,98.6753,50.417477,7.560382,0,650,0,0,0,0,0,0,0,0,0,0,25.7,6,0,0,0,0,0,412.35,0,0,65.818184,0,66,119.313,94.813,84.45,34824,14.545455,26,34824,0.01890272,-0.10418688,0.01187424,0,2021,6,1,0,4,15
9,98.6753,50.417477,7.560382,0,650,0,0,0,0,0,0,0,0,0,0,25.65,6,0,0,0,0,0,412.35,0,0,65.818184,0,66,119.313,94.813,84.45,34824,14.545455,26,34824,0.01890272,-0.10418688,0.01187424,0,2021,6,1,0,4,16
10,98.6753,50.417477,7.560382,0,650,0,0,0,0,0,0,0,0,0,0,25.65,6,0,0,0,0,0,412.35,0,0,65.818184,0,66,119.313,94.813,84.45,34824,14.545455,26,34824,0.01890272,-0.10418688,0.01187424,0,2021,6,1,0,4,17
11,98.6753,50.417477,7.560382,0,650,0,0,0,0,0,0,0,0,0,0,25.65,6,0,0,0,0,0,412.35,0,0,65.818184,0,66,119.313,94.813,84.45,34824,14.545455,26,34824,0.01354016,-0.10744272,0.00995904,0,2021,6,1,0,4,19
12,98.6753,50.417477,7.560382,0,650,0,0,0,0,0,0,0,0,0,0,25.65,4.3636365,0,0,0,0,0,412.35,0,0,65.72727,0,66,119.313,94.813,84.45,34824,13.090909,25.90909,34824,0.01354016,-0.10744272,0.00995904,0,2021,6,1,0,4,30
13,98.6753,50.417477,7.560382,0,650,0,0,0,0,0,0,0,0,0,0,25.65,4.3636365,0,0,0,0,0,412.35,0,0,65.72727,0,66,119.313,94.813,84.45,34824,13.090909,25.90909,34824,0.00760304,-0.11318832,0.0172368,0,2021,6,1,0,4,31
14,98.6753,50.41748,7.560383,0,650,0,0,0,0,0,0,0,0,0,0,25.65,4.3636365,0,0,0,0,0,412.35,0,0,65.72727,0,66,119.313,94.813,84.45,34824,13.090909,25.90909,34824,0.0196688,-0.1206576,0.01513008,0,2021,6,1,0,4,44
15,98.6753,50.41748,7.560383,0,650,0,0,0,0,0,0,0,0,0,0,25.65,4.3636365,0,0,0,0,0,412.35,0,0,65.72727,0,66,119.313,94.813,84.45,34824,13.090909,25.90909,34824,0.0196688,-0.1206576,0.01513008,0,2021,6,1,0,4,45
16,98.6753,50.41748,7.560383,0,650,0,0,0,0,0,0,0,0,0,0,25.65,4.3636365,0,0,0,0,0,412.35,0,0,65.72727,0,66,119.313,94.813,84.45,34824,13.090909,25.90909,34824,0.0196688,-0.1206576,0.01513008,0,2021,6,1,0,4,46
17,98.6753,50.41748,7.560383,0,650,0,0,0,0,0,0,0,0,0,0,25.65,4.3636365,0,0,0,0,0,412.35,0,0,65.72727,0,66,119.313,94.813,84.45,34824,13.090909,25.90909,34824,0.0196688,-0.1206576,0.01513008,0,2021,6,1,0,4,47
18,98.6753,50.41748,7.560383,0,650,0,0,0,0,0,0,0,0,0,0,25.65,4.3636365,0,0,0,0,0,412.35,0,0,65.72727,0,66,119.313,94.813,84.45,34824,13.090909,25.90909,34824,0.01622144,-0.1264032,0.00306432,0,2021,6,1,0,4,56
19,98.6753,50.41748,7.560383,0,650,0,0,0,0,0,0,0,0,0,0,25.65,4,0,0,0,0,0,412.35,0,0,65.7,0,66,119.313,94.813,84.45,34824,16,26,34824,0.01622144,-0.1264032,0.00306432,0,2021,6,1,0,5,0
20,98.6753,50.41748,7.560383,0,650,0,0,0,0,0,0,0,0,0,0,25.65,4,0,0,0,0,0,412.35,0,0,65.7,0,66,119.313,94.813,84.45,34824,16,26,34824,0.0225416,-0.11644416,0.00019152,0,2021,6,1,0,5,8
21,98.6753,50.41748,7.560384,0,650,0,0,0,0,0,0,0,0,0,0,25.65,4,0,0,0,0,0,412.35,0,0,65.7,0,66,119.313,94.813,84.45,34824,16,26,34824,0.0225416,-0.11644416,0.00019152,0,2021,6,1,0,5,14
22,98.6753,50.41748,7.560384,0,650,0,0,0,0,0,0,0,0,0,0,25.65,4,0,0,0,0,0,412.35,0,0,65.7,0,66,119.313,94.813,84.45,34824,16,26,34824,0.0225416,-0.11644416,0.00019152,0,2021,6,1,0,5,15
23,98.6753,50.41748,7.560384,0,650,0,0,0,0,0,0,0,0,0,0,25.65,4,0,0,0,0,0,412.35,0,0,65.7,0,66,119.313,94.813,84.45,34824,16,26,34824,0.0225416,-0.11644416,0.00019152,0,2021,6,1,0,5,16
24,98.6753,50.41748,7.560384,0,650,0,0,0,0,0,0,0,0,0,0,25.65,4,0,0,0,0,0,412.35,0,0,65.7,0,66,119.313,94.813,84.45,34824,16,26,34824,0.0225416,-0.11644416,0.00019152,0,2021,6,1,0,5,17
25,98.6753,50.41748,7.560384,0,650,0,0,0,0,0,0,0,0,0,0,25.65,4,0,0,0,0,0,412.35,0,0,65.7,0,66,119.313,94.813,84.45,34824,16,26,34824,0.01162496,-0.1158696,0.01398096,0,2021,6,1,0,5,21
26,98.6753,50.41748,7.560384,0,650,0,0,0,0,0,0,0,0,0,0,25.65,2.909091,0,0,0,0,0,412.35,0,0,65.09091,0,66,119.313,94.813,84.45,34824,13.090909,26.181818,34824,0.01162496,-0.1158696,0.01398096,0,2021,6,1,0,5,29
27,98.6753,50.41748,7.560384,0,650,0,0,0,0,0,0,0,0,0,0,25.65,2.909091,0,0,0,0,0,412.35,0,0,65.09091,0,66,119.313,94.813,84.45,34824,13.090909,26.181818,34824,0.01219952,-0.110124,0.01761984,0,2021,6,1,0,5,33
28,98.6753,50.41749,7.560391,0,650,0,0,0,0,0,0,0,0,0,0,25.65,2.909091,0,0,0,0,0,412.35,0,0,65.09091,0,66,119.313,94.813,84.45,34824,13.090909,26.181818,34824,0.01219952,-0.110124,0.01761984,0,2021,6,1,0,5,44
29,98.6753,50.41749,7.560391,0,650,0,0,0,0,0,0,0,0,0,0,25.65,2.909091,0,0,0,0,0,412.35,0,0,65.09091,0,66,119.313,94.813,84.45,34824,13.090909,26.181818,34824,0.01219952,-0.110124,0.01761984,0,2021,6,1,0,5,45
30,98.6753,50.41749,7.560391,0,650,0,0,0,0,0,0,0,0,0,0,25.65,2.909091,0,0,0,0,0,412.35,0,0,65.09091,0,66,119.313,94.094,84.45,34824,13.090909,26.181818,34824,0.01660448,-0.1034208,0.01359792,0,2021,6,1,0,5,46
31,98.6753,50.41749,7.560391,0,650,0,0,0,0,0,0,0,0,0,0,25.65,2.909091,0,0,0,0,0,412.35,0,0,65.09091,0,66,119.313,94.094,84.45,34824,13.090909,26.181818,34824,0.01660448,-0.1034208,0.01359792,0,2021,6,1,0,5,47
32,98.6753,50.41749,7.560391,0,650,0,0,0,0,0,0,0,0,0,0,25.65,2.909091,0,0,0,0,0,412.35,0,0,65.09091,0,66,119.313,94.094,84.45,34824,13.090909,26.181818,34824,0.01162496,-0.12180672,0.00517104,0,2021,6,1,0,5,58
33,98.6753,50.41749,7.560391,0,650,0,0,0,0,0,0,0,0,0,0,25.65,2,0,0,0,0,0,412.35,0,0,65.181816,0,66,119.313,94.094,84.45,34824,13.090909,26.181818,34824,0.01162496,-0.12180672,0.00517104,0,2021,6,1,0,6,0
34,98.6753,50.41749,7.560391,0,650,0,0,0,0,0,0,0,0,0,0,25.65,2,0,0,0,0,0,412.35,0,0,65.181816,0,66,119.313,94.094,84.45,34824,13.090909,26.181818,34824,0.01354016,-0.11031552,0.014364,0,2021,6,1,0,6,10
35,98.6753,50.41749,7.560384,0,650,0,0,0,0,0,0,0,0,0,0,25.65,2,0,0,0,0,0,412.35,0,0,65.181816,0,66,119.313,94.094,84.45,34824,13.090909,26.181818,34824,0.01354016,-0.11031552,0.014364,0,2021,6,1,0,6,14
36,98.6753,50.41749,7.560384,0,650,0,0,0,0,0,0,0,0,0,0,25.65,2,0,0,0,0,0,412.35,0,0,65.181816,0,66,119.313,94.094,84.45,34824,13.090909,26.181818,34824,0.01354016,-0.11031552,0.014364,0,2021,6,1,0,6,15
37,98.6753,50.41749,7.560384,0,650,0,0,0,0,0,0,0,0,0,0,25.65,2,0,0,0,0,0,412.35,0,0,65.181816,0,66,119.313,94.094,84.45,34824,13.090909,26.181818,34824,0.01354016,-0.11031552,0.014364,0,2021,6,1,0,6,16
38,98.6753,50.41749,7.560384,0,650,0,0,0,0,0,0,0,0,0,0,25.7,2,0,0,0,0,0,412.35,0,0,65.181816,0,66,118.406,94.094,84.45,34824,13.090909,26.181818,34824,0.01354016,-0.11031552,0.014364,0,2021,6,1,0,6,17
39,98.6753,50.41749,7.560384,0,650,0,0,0,0,0,0,0,0,0,0,25.7,2,0,0,0,0,0,412.35,0,0,65.181816,0,66,118.406,94.094,84.45,34824,13.090909,26.181818,34824,0.01219952,-0.10303776,0.009576,0,2021,6,1,0,6,23
40,98.6753,50.41749,7.560384,0,650,0,0,0,0,0,0,0,0,0,0,25.7,1.2,0,0,0,0,0,412.35,0,0,65,0,66,118.406,94.094,84.45,34824,16,26,34824,0.01219952,-0.10303776,0.009576,0,2021,6,1,0,6,30
41,98.6753,50.41749,7.560384,0,650,0,0,0,0,0,0,0,0,0,0,25.7,1.2,0,0,0,0,0,412.35,0,0,65,0,66,118.406,94.094,84.45,34824,16,26,34824,0.01602992,-0.12774384,0.0086184,0,2021,6,1,0,6,35
42,98.6753,50.4175,7.560399,0,650,0,0,0,0,0,0,0,0,0,0,25.7,1.2,0,0,0,0,0,412.35,0,0,65,0,66,118.406,94.094,84.45,34824,16,26,34824,0.01602992,-0.12774384,0.0086184,0,2021,6,1,0,6,44
43,98.6753,50.4175,7.560399,0,650,0,0,0,0,0,0,0,0,0,0,25.65,1.2,0,0,0,0,0,412.35,0,0,65,0,66,118.406,94.094,84.45,34824,16,26,34824,0.01602992,-0.12774384,0.0086184,0,2021,6,1,0,6,45
44,98.6753,50.4175,7.560399,0,650,0,0,0,0,0,0,0,0,0,0,25.65,1.2,0,0,0,0,0,412.35,0,0,65,0,66,118.406,94.094,84.45,34824,16,26,34824,0.01602992,-0.12774384,0.0086184,0,2021,6,1,0,6,46
45,98.6753,50.4175,7.560399,0,650,0,0,0,0,0,0,0,0,0,0,25.65,1.2,0,0,0,0,0,412.35,0,0,65,0,66,118.406,94.094,84.45,34824,16,26,34824,0.01602992,-0.12774384,0.0086184,0,2021,6,1,0,6,47
46,98.6753,50.4175,7.560399,0,650,0,0,0,0,0,0,0,0,0,0,25.65,1.2,0,0,0,0,0,412.35,0,0,65,0,66,118.406,94.094,84.45,34824,16,26,34824,0.01813664,-0.11089008,0.01417248,0,2021,6,1,0,6,48
47,98.6753,50.4175,7.560399,0,650,0,0,0,0,0,0,0,0,0,0,25.65,0,0,0,0,0,0,412.35,0,0,65,0,66,118.406,94.094,84.45,34824,16,26.181818,34824,0.01813664,-0.11089008,0.01417248,0,2021,6,1,0,6,59
48,98.6753,50.4175,7.560399,0,650,0,0,0,0,0,0,0,0,0,0,25.65,0,0,0,0,0,0,412.35,0,0,65,0,66,118.406,94.094,84.45,34824,16,26.181818,34824,0.01449776,-0.11280528,-0.00651168,0,2021,6,1,0,7,0
49,98.6753,50.4175,7.560399,0,650,0,0,0,0,0,0,0,0,0,0,25.65,0,0,0,0,0,0,412.35,0,0,65,0,66,118.406,94.094,84.45,34824,16,26.181818,34824,0.01756208,-0.10744272,0.00823536,0,2021,6,1,0,7,13
50,98.6753,50.417496,7.560418,0,650,0,0,0,0,0,0,0,0,0,0,25.65,0,0,0,0,0,0,412.35,0,0,65,0,66,118.406,94.094,84.45,34824,16,26.181818,34824,0.01756208,-0.10744272,0.00823536,0,2021,6,1,0,7,14
51,98.6753,50.417496,7.560418,0,650,0,0,0,0,0,0,0,0,0,0,25.65,0,0,0,0,0,0,412.35,0,0,65,0,66,118.406,94.094,84.45,34824,16,26.181818,34824,0.01756208,-0.10744272,0.00823536,0,2021,6,1,0,7,15
52,98.6753,50.417496,7.560418,0,650,0,0,0,0,0,0,0,0,0,0,25.65,0,0,0,0,0,0,412.35,0,0,65,0,66,118.156,93.156,84.45,34824,16,26.181818,34824,0.01756208,-0.10744272,0.00823536,0,2021,6,1,0,7,16
53,98.6753,50.417496,7.560418,0,650,0,0,0,0,0,0,0,0,0,0,25.65,0,0,0,0,0,0,412.35,0,0,65,0,66,118.156,93.156,84.45,34824,16,26.181818,34824,0.01756208,-0.10744272,0.00823536,0,2021,6,1,0,7,17
54,98.6753,50.417496,7.560418,0,650,0,0,0,0,0,0,0,0,0,0,25.65,0,0,0,0,0,0,412.35,0,0,65,0,66,118.156,93.156,84.45,34824,16,26.181818,34824,0.01162496,-0.10591056,-0.0009576,0,2021,6,1,0,7,26
55,98.6753,50.417496,7.560418,0,650,0,0,0,0,0,0,0,0,0,0,25.65,0,0,0,0,0,0,412.35,0,0,65.083336,0,66,118.156,93.156,84.45,34824,14.666667,25.916666,34824,0.01162496,-0.10591056,-0.0009576,0,2021,6,1,0,7,32
56,98.6753,50.417496,7.560418,0,650,0,0,0,0,0,0,0,0,0,0,25.65,0,0,0,0,0,0,412.35,0,0,65.083336,0,66,118.156,93.156,84.45,34824,14.666667,25.916666,34824,0.01430624,-0.11835936,0.01110816,0,2021,6,1,0,7,39
57,98.6753,50.417496,7.560418,0,650,0,0,0,0,0,0,0,0,0,0,25.65,0,0,0,0,0,0,412.35,0,0,65.083336,0,66,118.406,93.156,84.45,34824,14.666667,25.916666,34824,0.01430624,-0.11835936,0.01110816,0,2021,6,1,0,7,50
58,98.6753,50.417496,7.560418,0,650,0,0,0,0,0,0,0,0,0,0,25.65,0,0,0,0,0,0,412.35,0,0,65.083336,0,66,118.406,93.156,84.45,34824,14.666667,25.916666,34824,0.01832816,-0.11452896,0.01015056,0,2021,6,1,0,7,51
59,98.6753,50.417496,7.560418,0,650,0,0,0,0,0,0,0,0,0,0,25.65,0,0,0,0,0,0,412.35,0,0,65.083336,0,66,118.406,93.156,84.45,34824,14.666667,25.916666,34824,0.01832816,-0.11452896,0.01015056,0,2021,6,1,0,7,52
60,98.6753,50.417496,7.560418,0,650,0,0,0,0,0,0,0,0,0,0,25.65,0,0,0,0,0,0,412.35,0,0,65.083336,0,66,118.406,93.156,84.45,34824,14.666667,25.916666,34824,0.01737056,-0.11931696,0.00651168,0,2021,6,1,0,8,3
61,98.6753,50.417496,7.560418,0,650,0,0,0,0,0,0,0,0,0,0,25.65,0,0,0,0,0,0,412.35,0,0,65,0,66,118.406,93.156,84.45,34824,13.090909,26,34824,0.01737056,-0.11931696,0.00651168,0,2021,6,1,0,8,4
62,98.6753,50.417496,7.560418,0,650,0,0,0,0,0,0,0,0,0,0,25.65,0,0,0,0,0,0,412.35,0,0,65,0,66,118.406,93.156,84.45,34824,13.090909,26,34824,0.00951824,-0.11740176,-0.00019152,0,2021,6,1,0,8,16
63,98.6753,50.417496,7.560418,0,650,0,0,0,0,0,0,0,0,0,0,25.65,0,0,0,0,0,0,412.35,0,0,65,0,66,118.406,93.156,84.45,34824,13.090909,26,34824,0.00951824,-0.11740176,-0.00019152,0,2021,6,1,0,8,20
64,98.6753,50.417496,7.560418,0,650,0,0,0,0,0,0,0,0,0,0,25.65,0,0,0,0,0,0,412.35,0,0,65,0,66,117.5,93.156,84.45,34824,13.090909,26,34824,0.00951824,-0.11740176,-0.00019152,0,2021,6,1,0,8,21
65,98.6753,50.417496,7.560418,0,650,0,0,0,0,0,0,0,0,0,0,25.65,0,0,0,0,0,0,412.35,0,0,65,0,66,117.5,93.156,84.45,34824,13.090909,26,34824,0.00951824,-0.11740176,-0.00019152,0,2021,6,1,0,8,22
66,98.6753,50.417496,7.560418,0,650,0,0,0,0,0,0,0,0,0,0,25.65,0,0,0,0,0,0,412.35,0,0,65,0,66,117.5,93.156,84.45,34824,13.090909,26,34824,0.00951824,-0.11740176,-0.00019152,0,2021,6,1,0,8,23
67,98.6753,50.417496,7.560418,0,650,0,0,0,0,0,0,0,0,0,0,25.65,0,0,0,0,0,0,412.35,0,0,65,0,66,117.5,93.156,84.45,34824,13.090909,26,34824,0.02235008,-0.10897488,0.01283184,0,2021,6,1,0,8,28
68,98.6753,50.417496,7.560418,0,650,0,0,0,0,0,0,0,0,0,0,25.65,0,0,0,0,0,0,412.35,0,0,65,0,66,117.5,93.156,84.45,34824,11.636364,26.09091,34824,0.02235008,-0.10897488,0.01283184,0,2021,6,1,0,8,35
69,98.6753,50.417496,7.560418,0,650,0,0,0,0,0,0,0,0,0,0,25.65,0,0,0,0,0,0,412.35,0,0,65,0,66,117.5,93.156,84.45,34824,11.636364,26.09091,34824,0.0033896,-0.10954944,0.00612864,0,2021,6,1,0,8,41
70,98.6753,50.417496,7.560417,0,650,0,0,0,0,0,0,0,0,0,0,25.65,0,0,0,0,0,0,412.35,0,0,65,0,66,117.5,93.156,84.45,34824,11.636364,26.09091,34824,0.0033896,-0.10954944,0.00612864,0,2021,6,1,0,8,50
71,98.6753,50.417496,7.560417,0,650,0,0,0,0,0,0,0,0,0,0,25.65,0,0,0,0,0,0,412.35,0,0,65,0,66,117.5,93.156,84.45,34824,11.636364,26.09091,34824,0.0033896,-0.10954944,0.00612864,0,2021,6,1,0,8,51
72,98.6753,50.417496,7.560417,0,650,0,0,0,0,0,0,0,0,0,0,25.65,0,0,0,0,0,0,412.35,0,0,65,0,66,117.5,93.156,84.45,34824,11.636364,26.09091,34824,0.0033896,-0.10954944,0.00612864,0,2021,6,1,0,8,52
73,98.6753,50.417496,7.560417,0,650,0,0,0,0,0,0,0,0,0,0,25.7,0,0,0,0,0,0,412.35,0,0,65,0,66,117.5,93.156,84.45,34824,11.636364,26.09091,34824,0.01622144,-0.10954944,0.00536256,0,2021,6,1,0,8,53
74,98.6753,50.417496,7.560417,0,650,0,0,0,0,0,0,0,0,0,0,25.7,0,0,0,0,0,0,412.35,0,0,65,0,66,117.5,93.156,84.45,34824,16,26,34824,0.01622144,-0.10954944,0.00536256,0,2021,6,1,0,9,5
75,98.6753,50.417496,7.560417,0,650,0,0,0,0,0,0,0,0,0,0,25.7,0,0,0,0,0,0,412.35,0,0,65,0,66,117.5,93.156,84.45,34824,16,26,34824,0.01354016,-0.11223072,0.00880992,0,2021,6,1,0,9,6
76,98.6753,50.417496,7.560417,0,650,0,0,0,0,0,0,0,0,0,0,25.7,0,0,0,0,0,0,412.35,0,0,65,0,66,117.5,93.156,84.45,34824,16,26,34824,0.01545536,-0.11261376,0.0153216,0,2021,6,1,0,9,18
77,98.6753,50.417496,7.560416,0,650,0,0,0,0,0,0,0,0,0,0,25.7,0,0,0,0,0,0,412.35,0,0,65,0,66,117.5,93.156,84.45,34824,16,26,34824,0.01545536,-0.11261376,0.0153216,0,2021,6,1,0,9,20
78,98.6753,50.417496,7.560416,0,650,0,0,0,0,0,0,0,0,0,0,25.65,0,0,0,0,0,0,412.35,0,0,65,0,66,116.594,93.156,84.45,34824,16,26,34824,0.01545536,-0.11261376,0.0153216,0,2021,6,1,0,9,21
79,98.6753,50.417496,7.560416,0,650,0,0,0,0,0,0,0,0,0,0,25.65,0,0,0,0,0,0,412.35,0,0,65,0,66,116.594,93.156,84.45,34824,16,26,34824,0.01545536,-0.11261376,0.0153216,0,2021,6,1,0,9,22
80,98.6753,50.417496,7.560416,0,650,0,0,0,0,0,0,0,0,0,0,25.65,0,0,0,0,0,0,412.35,0,0,65,0,66,116.594,93.156,84.45,34824,16,26,34824,0.01545536,-0.11261376,0.0153216,0,2021,6,1,0,9,23
81,98.6753,50.417496,7.560416,0,650,0,0,0,0,0,0,0,0,0,0,25.65,0,0,0,0,0,0,412.35,0,0,65,0,66,116.594,93.156,84.45,34824,16,26,34824,0.01239104,-0.10801728,0.00823536,0,2021,6,1,0,9,31
82,98.6753,50.417496,7.560416,0,650,0,0,0,0,0,0,0,0,0,0,25.65,0.54545456,0,0,0,0,0,412.35,0,0,65,0,66,116.594,93.156,84.45,34824,13.090909,26,34824,0.01239104,-0.10801728,0.00823536,0,2021,6,1,0,9,35
83,98.6753,50.417496,7.560416,0,650,0,0,0,0,0,0,0,0,0,0,25.65,0.54545456,0,0,0,0,0,412.35,0,0,65,0,66,116.594,93.156,84.45,34824,13.090909,26,34824,0.01143344,-0.09576,-0.00019152,0,2021,6,1,0,9,43
84,98.6753,50.417496,7.560416,0,650,0,0,0,0,0,0,0,0,0,0,25.65,0.54545456,0,0,0,0,0,412.35,0,0,65,0,66,116.594,93.156,84.45,34824,13.090909,26,34824,0.01143344,-0.09576,-0.00019152,0,2021,6,1,0,9,50
85,98.6753,50.417496,7.560416,0,650,0,0,0,0,0,0,0,0,0,0,25.65,0.54545456,0,0,0,0,0,412.35,0,0,65,0,66,116.594,93.156,84.45,34824,13.090909,26,34824,0.01143344,-0.09576,-0.00019152,0,2021,6,1,0,9,51
86,98.6753,50.417496,7.560416,0,650,0,0,0,0,0,0,0,0,0,0,25.65,0.54545456,0,0,0,0,0,412.35,0,0,65,0,66,117.281,92.938,84.45,34824,13.090909,26,34824,0.01143344,-0.09576,-0.00019152,0,2021,6,1,0,9,52
87,98.6753,50.417496,7.560416,0,650,0,0,0,0,0,0,0,0,0,0,25.65,0.54545456,0,0,0,0,0,412.35,0,0,65,0,66,117.281,92.938,84.45,34824,13.090909,26,34824,0.01143344,-0.09576,-0.00019152,0,2021,6,1,0,9,53
88,98.6753,50.417496,7.560416,0,650,0,0,0,0,0,0,0,0,0,0,25.65,0.54545456,0,0,0,0,0,412.35,0,0,65,0,66,117.281,92.938,84.45,34824,13.090909,26,34824,0.02790416,-0.10456992,0.0105336,0,2021,6,1,0,9,56
89,98.6753,50.417496,7.560416,0,650,0,0,0,0,0,0,0,0,0,0,25.65,1.0909091,0,0,0,0,0,412.35,0,0,65,0,66,117.281,92.938,84.45,34824,16,26,34824,0.02790416,-0.10456992,0.0105336,0,2021,6,1,0,10,6
90,98.6753,50.417496,7.560416,0,650,0,0,0,0,0,0,0,0,0,0,25.65,1.0909091,0,0,0,0,0,412.35,0,0,65,0,66,117.281,92.938,84.45,34824,16,26,34824,0.01717904,-0.11069856,-0.00306432,0,2021,6,1,0,10,8
91,98.6753,50.417496,7.560415,0,650,0,0,0,0,0,0,0,0,0,0,25.65,1.0909091,0,0,0,0,0,412.35,0,0,65,0,66,117.281,92.938,84.45,34824,16,26,34824,0.01641296,-0.11357136,0.01091664,0,2021,6,1,0,10,20
92,98.6753,50.417496,7.560415,0,650,0,0,0,0,0,0,0,0,0,0,25.65,1.0909091,0,0,0,0,0,412.35,0,0,65,0,66,117.281,92.938,84.45,34824,16,26,34824,0.01641296,-0.11357136,0.01091664,0,2021,6,1,0,10,21
93,98.6753,50.417496,7.560415,0,650,0,0,0,0,0,0,0,0,0,0,25.65,1.0909091,0,0,0,0,0,412.35,0,0,65,0,66,117.281,92.938,84.45,34824,16,26,34824,0.01641296,-0.11357136,0.01091664,0,2021,6,1,0,10,22
94,98.6753,50.417496,7.560415,0,650,0,0,0,0,0,0,0,0,0,0,25.65,1.0909091,0,0,0,0,0,412.35,0,0,65,0,66,116.594,92.281,84.45,34824,16,26,34824,0.01641296,-0.11357136,0.01091664,0,2021,6,1,0,10,23
95,98.6753,50.417496,7.560415,0,650,0,0,0,0,0,0,0,0,0,0,25.65,1.0909091,0,0,0,0,0,412.35,0,0,65,0,66,116.594,92.281,84.45,34824,16,26,34824,0.0158384,-0.11031552,0.0057456,0,2021,6,1,0,10,33
96,98.6753,50.417496,7.560415,0,650,0,0,0,0,0,0,0,0,0,0,25.65,1.4,0,0,0,0,0,412.35,0,0,65,0,66,116.594,92.281,84.45,34824,14.4,26,34824,0.0158384,-0.11031552,0.0057456,0,2021,6,1,0,10,36
97,98.6753,50.417496,7.560415,0,650,0,0,0,0,0,0,0,0,0,0,25.65,1.4,0,0,0,0,0,412.35,0,0,65,0,66,116.594,92.281,84.45,34824,14.4,26,34824,0.01660448,-0.10322928,0.01398096,0,2021,6,1,0,10,45
98,98.6753,50.417496,7.560415,0,650,0,0,0,0,0,0,0,0,0,0,25.65,1.4,0,0,0,0,0,412.35,0,0,65,0,66,116.594,92.281,84.45,34824,14.4,26,34824,0.01660448,-0.10322928,0.01398096,0,2021,6,1,0,10,50
99,98.6753,50.417496,7.560415,0,650,0,0,0,0,0,0,0,0,0,0,25.65,1.4,0,0,0,0,0,412.35,0,0,65,0,66,115.719,92.031,84.45,34824,14.4,26,34824,0.01660448,-0.10322928,0.01398096,0,2021,6,1,0,10,51
100,98.6753,50.417496,7.560415,0,650,0,0,0,0,0,0,0,0,0,0,25.65,1.4,0,0,0,0,0,412.35,0,0,65,0,66,115.719,92.031,84.45,34824,14.4,26,34824,0.01660448,-0.10322928,0.01398096,0,2021,6,1,0,10,52
101,98.6753,50.417496,7.560415,0,650,0,0,0,0,0,0,0,0,0,0,25.65,1.4,0,0,0,0,0,412.35,0,0,65,0,66,115.719,92.031,84.45,34824,14.4,26,34824,0.01660448,-0.10322928,0.01398096,0,2021,6,1,0,10,53
102,98.6753,50.417496,7.560415,0,650,0,0,0,0,0,0,0,0,0,0,25.65,1.4,0,0,0,0,0,412.35,0,0,65,0,66,115.719,92.031,84.45,34824,14.4,26,34824,0.01851968,-0.110124,0.00612864,0,2021,6,1,0,10,58
103,98.6753,50.417496,7.560415,0,650,0,0,0,0,0,0,0,0,0,0,25.65,2,0,0,0,0,0,412.35,0,0,65,0,66,115.719,92.031,84.45,34824,14.545455,26,34824,0.01851968,-0.110124,0.00612864,0,2021,6,1,0,11,5
104,98.6753,50.417496,7.560415,0,650,0,0,0,0,0,0,0,0,0,0,25.65,2,0,0,0,0,0,412.35,0,0,65,0,66,115.719,92.031,84.45,34824,14.545455,26,34824,0.02618048,-0.09748368,0.00344736,0,2021,6,1,0,11,10
105,98.6753,50.417496,7.560414,0,650,0,0,0,0,0,0,0,0,0,0,25.65,2,0,0,0,0,0,412.35,0,0,65,0,66,115.719,92.031,84.45,34824,14.545455,26,34824,0.02618048,-0.09748368,0.00344736,0,2021,6,1,0,11,20
106,98.6753,50.417496,7.560414,0,650,0,0,0,0,0,0,0,0,0,0,25.65,2,0,0,0,0,0,412.35,0,0,65,0,66,115.719,92.031,84.45,34824,14.545455,26,34824,0.02618048,-0.09748368,0.00344736,0,2021,6,1,0,11,21
107,98.6753,50.417496,7.560414,0,650,0,0,0,0,0,0,0,0,0,0,25.7,2,0,0,0,0,0,412.35,0,0,65,0,66,115.719,92.281,84.45,34824,14.545455,26,34824,0.016796,-0.11625264,0.00325584,0,2021,6,1,0,11,22
108,98.6753,50.417496,7.560414,0,650,0,0,0,0,0,0,0,0,0,0,25.7,2,0,0,0,0,0,412.35,0,0,65,0,66,115.719,92.281,84.45,34824,14.545455,26,34824,0.016796,-0.11625264,0.00325584,0,2021,6,1,0,11,23
109,98.6753,50.417496,7.560414,0,650,0,0,0,0,0,0,0,0,0,0,25.7,2,0,0,0,0,0,412.35,0,0,65,0,66,115.719,92.281,84.45,34824,14.545455,26,34824,0.01564688,-0.11223072,-0.00555408,0,2021,6,1,0,11,35
110,98.6753,50.417496,7.560414,0,650,0,0,0,0,0,0,0,0,0,0,25.7,2,0,0,0,0,0,412.35,0,0,65,0,66,115.719,92.281,84.45,34824,14.545455,26,34824,0.01564688,-0.11223072,-0.00555408,0,2021,6,1,0,11,36
111,98.6753,50.417496,7.560414,0,650,0,0,0,0,0,0,0,0,0,0,25.7,2,0,0,0,0,0,412.35,0,0,65,0,66,115.719,92.281,84.45,34824,14.545455,26,34824,0.00760304,-0.10361232,0.00804384,0,2021,6,1,0,11,48
112,98.6753,50.417496,7.560415,0,650,0,0,0,0,0,0,0,0,0,0,25.65,2,0,0,0,0,0,412.35,0,0,65,0,66,115.719,92.281,84.45,34824,14.545455,26,34824,0.00760304,-0.10361232,0.00804384,0,2021,6,1,0,11,50
113,98.6753,50.417496,7.560415,0,650,0,0,0,0,0,0,0,0,0,0,25.65,2,0,0,0,0,0,412.35,0,0,65,0,66,115.719,92.281,84.45,34824,14.545455,26,34824,0.00760304,-0.10361232,0.00804384,0,2021,6,1,0,11,51
114,98.6753,50.417496,7.560415,0,650,0,0,0,0,0,0,0,0,0,0,25.65,2,0,0,0,0,0,412.35,0,0,65,0,66,115.719,92.281,84.45,34824,14.545455,26,34824,0.00760304,-0.10361232,0.00804384,0,2021,6,1,0,11,52
115,98.6753,50.417496,7.560415,0,650,0,0,0,0,0,0,0,0,0,0,25.65,2,0,0,0,0,0,412.35,0,0,65,0,66,115.719,92.281,84.45,34824,14.545455,26,34824,0.00760304,-0.10361232,0.00804384,0,2021,6,1,0,11,53
116,98.6753,50.417496,7.560415,0,650,0,0,0,0,0,0,0,0,0,0,25.65,2,0,0,0,0,0,412.35,0,0,65,0,66,115.719,92.281,84.45,34824,14.545455,26,34824,0.01545536,-0.10686816,0.0028728,0,2021,6,1,0,12,0
117,98.6753,50.417496,7.560415,0,650,0,0,0,0,0,0,0,0,0,0,25.65,2,0,0,0,0,0,412.35,0,0,65,0,66,115.719,92.281,84.45,34824,14.4,26,34824,0.01545536,-0.10686816,0.0028728,0,2021,6,1,0,12,6
118,98.6753,50.417496,7.560415,0,650,0,0,0,0,0,0,0,0,0,0,25.65,2,0,0,0,0,0,412.35,0,0,65,0,66,115.719,92.281,84.45,34824,14.4,26,34824,0.01162496,-0.10878336,0.00900144,0,2021,6,1,0,12,12
119,98.6753,50.417496,7.560414,0,650,0,0,0,0,0,0,0,0,0,0,25.65,2,0,0,0,0,0,412.35,0,0,65,0,66,115.719,92.281,84.45,34824,14.4,26,34824,0.01162496,-0.10878336,0.00900144,0,2021,6,1,0,12,20
120,98.6753,50.417496,7.560414,0,650,0,0,0,0,0,0,0,0,0,0,25.7,2,0,0,0,0,0,412.35,0,0,65,0,66,114.813,92.281,84.45,34824,14.4,26,34824,0.01162496,-0.10878336,0.00900144,0,2021,6,1,0,12,21
121,98.6753,50.417496,7.560414,0,650,0,0,0,0,0,0,0,0,0,0,25.7,2,0,0,0,0,0,412.35,0,0,65,0,66,114.813,92.281,84.45,34824,14.4,26,34824,0.01162496,-0.10878336,0.00900144,0,2021,6,1,0,12,22
122,98.6753,50.417496,7.560414,0,650,0,0,0,0,0,0,0,0,0,0,25.7,2,0,0,0,0,0,412.35,0,0,65,0,66,114.813,92.281,84.45,34824,14.4,26,34824,0.01162496,-0.10878336,0.00900144,0,2021,6,1,0,12,23
123,98.6753,50.417496,7.560414,0,650,0,0,0,0,0,0,0,0,0,0,25.7,2,0,0,0,0,0,412.35,0,0,65,0,66,114.813,92.281,84.45,34824,14.4,26,34824,0.0091352,-0.11912544,0.0028728,0,2021,6,1,0,12,25
124,98.6753,50.417496,7.560414,0,650,0,0,0,0,0,0,0,0,0,0,25.7,2,0,0,0,0,0,412.35,0,0,64.818184,0,66,114.813,92.281,84.45,34824,16,26.181818,34824,0.0091352,-0.11912544,0.0028728,0,2021,6,1,0,12,35
125,98.6753,50.417496,7.560414,0,650,0,0,0,0,0,0,0,0,0,0,25.7,2,0,0,0,0,0,412.35,0,0,64.818184,0,66,114.813,92.281,84.45,34824,16,26.181818,34824,0.01564688,-0.12314736,0.00995904,0,2021,6,1,0,12,37
126,98.6753,50.417496,7.560414,0,650,0,0,0,0,0,0,0,0,0,0,25.7,2,0,0,0,0,0,412.35,0,0,64.818184,0,66,114.813,92.281,84.45,34824,16,26.181818,34824,0.01622144,-0.11816784,0.0086184,0,2021,6,1,0,12,50
127,98.6753,50.417496,7.560414,0,650,0,0,0,0,0,0,0,0,0,0,25.7,2,0,0,0,0,0,412.35,0,0,64.818184,0,66,114.813,92.281,84.45,34824,16,26.181818,34824,0.01622144,-0.11816784,0.0086184,0,2021,6,1,0,12,51
128,98.6753,50.417496,7.560414,0,650,0,0,0,0,0,0,0,0,0,0,25.7,2,0,0,0,0,0,412.35,0,0,64.818184,0,66,115.719,91.344,84.45,34824,16,26.181818,34824,0.01622144,-0.11816784,0.0086184,0,2021,6,1,0,12,52
129,98.6753,50.417496,7.560414,0,650,0,0,0,0,0,0,0,0,0,0,25.7,2,0,0,0,0,0,412.35,0,0,64.818184,0,66,115.719,91.344,84.45,34824,16,26.181818,34824,0.01622144,-0.11816784,0.0086184,0,2021,6,1,0,12,53
130,98.6753,50.417496,7.560414,0,650,0,0,0,0,0,0,0,0,0,0,25.7,2,0,0,0,0,0,412.35,0,0,64.818184,0,66,115.719,91.344,84.45,34824,16,26.181818,34824,0.01622144,-0.11816784,0.0086184,0,2021,6,1,0,12,54
131,98.6753,50.417496,7.560414,0,650,0,0,0,0,0,0,0,0,0,0,25.7,2,0,0,0,0,0,412.35,0,0,64.818184,0,66,115.719,91.344,84.45,34824,16,26.181818,34824,0.01047584,-0.11031552,0.0057456,0,2021,6,1,0,13,2
132,98.6753,50.417496,7.560414,0,650,0,0,0,0,0,0,0,0,0,0,25.7,2,0,0,0,0,0,412.35,0,0,65,0,66,115.719,91.344,84.45,34824,16,26,34824,0.01047584,-0.11031552,0.0057456,0,2021,6,1,0,13,6
133,98.6753,50.417496,7.560414,0,650,0,0,0,0,0,0,0,0,0,0,25.7,2,0,0,0,0,0,412.35,0,0,65,0,66,115.719,91.344,84.45,34824,16,26,34824,0.02292464,-0.1024632,0.00325584,0,2021,6,1,0,13,15
134,98.6753,50.417496,7.560414,0,650,0,0,0,0,0,0,0,0,0,0,25.7,2,0,0,0,0,0,412.35,0,0,65,0,66,115.719,91.344,84.45,34824,16,26,34824,0.02292464,-0.1024632,0.00325584,0,2021,6,1,0,13,21
135,98.6753,50.417496,7.560414,0,650,0,0,0,0,0,0,0,0,0,0,25.7,2,0,0,0,0,0,412.35,0,0,65,0,66,115.719,91.344,84.45,34824,16,26,34824,0.02292464,-0.1024632,0.00325584,0,2021,6,1,0,13,22
136,98.6753,50.417496,7.560414,0,650,0,0,0,0,0,0,0,0,0,0,25.7,2,0,0,0,0,0,412.35,0,0,65,0,66,114.813,91.344,84.45,34824,16,26,34824,0.02292464,-0.1024632,0.00325584,0,2021,6,1,0,13,23
137,98.6753,50.417496,7.560414,0,650,0,0,0,0,0,0,0,0,0,0,25.7,2,0,0,0,0,0,412.35,0,0,65,0,66,114.813,91.344,84.45,34824,16,26,34824,0.02292464,-0.1024632,0.00325584,0,2021,6,1,0,13,24
138,98.6753,50.417496,7.560414,0,650,0,0,0,0,0,0,0,0,0,0,25.7,2,0,0,0,0,0,412.35,0,0,65,0,66,114.813,91.344,84.45,34824,16,26,34824,0.01986032,-0.10878336,0.00440496,0,2021,6,1,0,13,27
139,98.6753,50.417496,7.560414,0,650,0,0,0,0,0,0,0,0,0,0,25.7,2,0,0,0,0,0,412.35,0,0,64.9,0,66,114.813,91.344,84.45,34824,12.8,26,34824,0.01986032,-0.10878336,0.00440496,0,2021,6,1,0,13,36
140,98.6753,50.417496,7.560414,0,650,0,0,0,0,0,0,0,0,0,0,25.7,2,0,0,0,0,0,412.35,0,0,64.9,0,66,114.813,91.344,84.45,34824,12.8,26,34824,0.01545536,-0.12697776,0.00325584,0,2021,6,1,0,13,40
141,98.6753,50.417496,7.560414,0,650,0,0,0,0,0,0,0,0,0,0,25.7,2,0,0,0,0,0,412.35,0,0,64.9,0,66,114.813,91.344,84.45,34824,12.8,26,34824,0.01545536,-0.12697776,0.00325584,0,2021,6,1,0,13,51
142,98.6753,50.417496,7.560414,0,650,0,0,0,0,0,0,0,0,0,0,25.65,2,0,0,0,0,0,412.35,0,0,64.9,0,66,114.813,91.344,84.45,34824,12.8,26,34824,0.01162496,-0.105336,0.00497952,0,2021,6,1,0,13,52
143,98.6753,50.417496,7.560414,0,650,0,0,0,0,0,0,0,0,0,0,25.65,2,0,0,0,0,0,412.35,0,0,64.9,0,66,114.813,91.344,84.45,34824,12.8,26,34824,0.01162496,-0.105336,0.00497952,0,2021,6,1,0,13,53
144,98.6753,50.417496,7.560414,0,650,0,0,0,0,0,0,0,0,0,0,25.65,2,0,0,0,0,0,412.35,0,0,64.72727,0,66,114.813,91.344,84.45,34824,10.181818,26,34824,0.02139248,-0.09882432,0.009576,0,2021,6,1,0,14,5
145,98.6753,50.417496,7.560414,0,650,0,0,0,0,0,0,0,0,0,0,25.65,2,0,0,0,0,0,412.35,0,0,64.72727,0,66,114.813,91.344,84.45,34824,10.181818,26,34824,0.01698752,-0.10073952,0.00536256,0,2021,6,1,0,14,17
146,98.6753,50.417496,7.560414,0,650,0,0,0,0,0,0,0,0,0,0,25.65,2,0,0,0,0,0,412.35,0,0,64.72727,0,66,114.813,91.344,84.45,34824,10.181818,26,34824,0.01698752,-0.10073952,0.00536256,0,2021,6,1,0,14,21
147,98.6753,50.417496,7.560414,0,650,0,0,0,0,0,0,0,0,0,0,25.65,2,0,0,0,0,0,412.35,0,0,64.72727,0,66,113.906,91.344,84.45,34824,10.181818,26,34824,0.01698752,-0.10073952,0.00536256,0,2021,6,1,0,14,22
148,98.6753,50.417496,7.560414,0,650,0,0,0,0,0,0,0,0,0,0,25.65,2,0,0,0,0,0,412.35,0,0,64.72727,0,66,113.906,91.344,84.45,34824,10.181818,26,34824,0.01698752,-0.10073952,0.00536256,0,2021,6,1,0,14,23
149,98.6753,50.417496,7.560414,0,650,0,0,0,0,0,0,0,0,0,0,25.65,2,0,0,0,0,0,412.35,0,0,64.72727,0,66,113.906,91.344,84.45,34824,10.181818,26,34824,0.01698752,-0.10073952,0.00536256,0,2021,6,1,0,14,24
150,98.6753,50.417496,7.560414,0,650,0,0,0,0,0,0,0,0,0,0,25.65,2,0,0,0,0,0,412.35,0,0,64.72727,0,66,113.906,91.344,84.45,34824,10.181818,26,34824,0.01890272,-0.10763424,0.00248976,0,2021,6,1,0,14,30
151,98.6753,50.417496,7.560414,0,650,0,0,0,0,0,0,0,0,0,0,25.65,2,0,0,0,0,0,412.35,0,0,64.818184,0,66,113.906,91.344,84.45,34824,13.090909,26,34824,0.01890272,-0.10763424,0.00248976,0,2021,6,1,0,14,36
152,98.6753,50.417496,7.560414,0,650,0,0,0,0,0,0,0,0,0,0,25.65,2,0,0,0,0,0,412.35,0,0,64.818184,0,66,113.906,91.344,84.45,34824,13.090909,26,34824,0.01564688,-0.10591056,0.00727776,0,2021,6,1,0,14,42
153,98.6753,50.417496,7.560413,0,650,0,0,0,0,0,0,0,0,0,0,25.65,2,0,0,0,0,0,412.35,0,0,64.818184,0,66,113.906,91.344,84.45,34824,13.090909,26,34824,0.01564688,-0.10591056,0.00727776,0,2021,6,1,0,14,51
154,98.6753,50.417496,7.560413,0,650,0,0,0,0,0,0,0,0,0,0,25.65,2,0,0,0,0,0,412.35,0,0,64.818184,0,66,113.906,91.344,84.45,34824,13.090909,26,34824,0.01564688,-0.10591056,0.00727776,0,2021,6,1,0,14,52
155,98.6753,50.417496,7.560413,0,650,0,0,0,0,0,0,0,0,0,0,25.65,2,0,0,0,0,0,412.35,0,0,64.818184,0,66,113.688,91.094,84.45,34824,13.090909,26,34824,0.01564688,-0.10591056,0.00727776,0,2021,6,1,0,14,53
156,98.6753,50.417496,7.560413,0,650,0,0,0,0,0,0,0,0,0,0,25.65,2,0,0,0,0,0,412.35,0,0,64.818184,0,66,113.688,91.094,84.45,34824,13.090909,26,34824,0.01564688,-0.10591056,0.00727776,0,2021,6,1,0,14,54
157,98.6753,50.417496,7.560413,0,650,0,0,0,0,0,0,0,0,0,0,25.65,2,0,0,0,0,0,412.35,0,0,64.818184,0,66,113.688,91.094,84.45,34824,13.090909,26,34824,0.01468928,-0.10495296,0.01168272,0,2021,6,1,0,14,55
158,98.6753,50.417496,7.560413,0,650,0,0,0,0,0,0,0,0,0,0,25.65,2,0,0,0,0,0,412.35,0,0,64.6,0,66,113.688,91.094,84.45,34824,12.8,25.8,34824,0.01468928,-0.10495296,0.01168272,0,2021,6,1,0,15,6
159,98.6753,50.417496,7.560413,0,650,0,0,0,0,0,0,0,0,0,0,25.65,2,0,0,0,0,0,412.35,0,0,64.6,0,66,113.688,91.094,84.45,34824,12.8,25.8,34824,0.01258256,-0.10552752,0.00517104,0,2021,6,1,0,15,7
160,98.6753,50.417496,7.560413,0,650,0,0,0,0,0,0,0,0,0,0,25.65,2,0,0,0,0,0,412.35,0,0,64.6,0,66,113.688,91.094,84.45,34824,12.8,25.8,34824,0.021584,-0.1129968,0.00976752,0,2021,6,1,0,15,19
161,98.6753,50.417496,7.560413,0,650,0,0,0,0,0,0,0,0,0,0,25.65,2,0,0,0,0,0,412.35,0,0,64.6,0,66,114.156,91.094,84.45,34824,12.8,25.8,34824,0.021584,-0.1129968,0.00976752,0,2021,6,1,0,15,21
162,98.6753,50.417496,7.560413,0,650,0,0,0,0,0,0,0,0,0,0,25.65,2,0,0,0,0,0,412.35,0,0,64.6,0,66,114.156,91.094,84.45,34824,12.8,25.8,34824,0.021584,-0.1129968,0.00976752,0,2021,6,1,0,15,22
163,98.6753,50.417496,7.560413,0,650,0,0,0,0,0,0,0,0,0,0,25.65,2,0,0,0,0,0,412.35,0,0,64.6,0,66,114.156,91.094,84.45,34824,12.8,25.8,34824,0.021584,-0.1129968,0.00976752,0,2021,6,1,0,15,23
164,98.6753,50.417496,7.560413,0,650,0,0,0,0,0,0,0,0,0,0,25.65,2,0,0,0,0,0,412.35,0,0,64.6,0,66,114.156,91.094,84.45,34824,12.8,25.8,34824,0.021584,-0.1129968,0.00976752,0,2021,6,1,0,15,24
165,98.6753,50.417496,7.560413,0,650,0,0,0,0,0,0,0,0,0,0,25.65,2,0,0,0,0,0,412.35,0,0,64.6,0,66,114.156,91.094,84.45,34824,12.8,25.8,34824,0.0187112,-0.11433744,0.01455552,0,2021,6,1,0,15,32
166,98.6753,50.417496,7.560413,0,650,0,0,0,0,0,0,0,0,0,0,25.65,2,0,0,0,0,0,412.35,0,0,64.454544,0,66,114.156,91.094,84.45,34824,11.636364,26,34824,0.0187112,-0.11433744,0.01455552,0,2021,6,1,0,15,36
167,98.6753,50.417496,7.560413,0,650,0,0,0,0,0,0,0,0,0,0,25.65,2,0,0,0,0,0,412.35,0,0,64.454544,0,66,114.156,91.094,84.45,34824,11.636364,26,34824,0.02407376,-0.11950848,-0.0019152,0,2021,6,1,0,15,44
168,98.6753,50.417496,7.560413,0,650,0,0,0,0,0,0,0,0,0,0,25.65,2,0,0,0,0,0,412.35,0,0,64.454544,0,66,114.156,91.094,84.45,34824,11.636364,26,34824,0.02407376,-0.11950848,-0.0019152,0,2021,6,1,0,15,51
169,98.6753,50.417496,7.560413,0,650,0,0,0,0,0,0,0,0,0,0,25.65,2,0,0,0,0,0,412.35,0,0,64.454544,0,66,113.25,90.156,84.45,34824,11.636364,26,34824,0.02407376,-0.11950848,-0.0019152,0,2021,6,1,0,15,52
170,98.6753,50.417496,7.560413,0,650,0,0,0,0,0,0,0,0,0,0,25.65,2,0,0,0,0,0,412.35,0,0,64.454544,0,66,113.25,90.156,84.45,34824,11.636364,26,34824,0.02407376,-0.11950848,-0.0019152,0,2021,6,1,0,15,53
171,98.6753,50.417496,7.560413,0,650,0,0,0,0,0,0,0,0,0,0,25.65,2,0,0,0,0,0,412.35,0,0,64.454544,0,66,113.25,90.156,84.45,34824,11.636364,26,34824,0.02407376,-0.11950848,-0.0019152,0,2021,6,1,0,15,54
172,98.6753,50.417496,7.560413,0,650,0,0,0,0,0,0,0,0,0,0,25.65,2,0,0,0,0,0,412.35,0,0,64.454544,0,66,113.25,90.156,84.45,34824,11.636364,26,34824,0.02330768,-0.12295584,0.00268128,0,2021,6,1,0,15,56
173,98.6753,50.417496,7.560413,0,650,0,0,0,0,0,0,0,0,0,0,25.65,2,0,0,0,0,0,412.35,0,0,64.27273,0,66,113.25,90.156,84.45,34824,13.090909,26,34824,0.02330768,-0.12295584,0.00268128,0,2021,6,1,0,16,7
174,98.6753,50.417496,7.560413,0,650,0,0,0,0,0,0,0,0,0,0,25.65,2,0,0,0,0,0,412.35,0,0,64.27273,0,66,113.25,90.156,84.45,34824,13.090909,26,34824,0.01564688,-0.12123216,0.00612864,0,2021,6,1,0,16,9
175,98.6753,50.417496,7.560412,0,650,0,0,0,0,0,0,0,0,0,0,25.65,2,0,0,0,0,0,412.35,0,0,64.27273,0,66,113.25,90.156,84.45,34824,13.090909,26,34824,0.01717904,-0.12678625,0.00421344,0,2021,6,1,0,16,21
176,98.6753,50.417496,7.560412,0,650,0,0,0,0,0,0,0,0,0,0,25.65,2,0,0,0,0,0,412.35,0,0,64.27273,0,66,113.25,90.156,84.45,34824,13.090909,26,34824,0.01717904,-0.12678625,0.00421344,0,2021,6,1,0,16,22
177,98.6753,50.417496,7.560412,0,650,0,0,0,0,0,0,0,0,0,0,25.65,2,0,0,0,0,0,412.35,0,0,64.27273,0,66,113.25,90.156,84.45,34824,13.090909,26,34824,0.01717904,-0.12678625,0.00421344,0,2021,6,1,0,16,23
178,98.6753,50.417496,7.560412,0,650,0,0,0,0,0,0,0,0,0,0,25.65,2,0,0,0,0,0,412.35,0,0,64.27273,0,66,113,89.469,84.45,34824,13.090909,26,34824,0.01717904,-0.12678625,0.00421344,0,2021,6,1,0,16,24
179,98.6753,50.417496,7.560412,0,650,0,0,0,0,0,0,0,0,0,0,25.65,2,0,0,0,0,0,412.35,0,0,64.27273,0,66,113,89.469,84.45,34824,13.090909,26,34824,0.01717904,-0.1254456,0.00632016,0,2021,6,1,0,16,34
180,98.6753,50.417496,7.560412,0,650,0,0,0,0,0,0,0,0,0,0,25.65,2,0,0,0,0,0,412.35,0,0,64,0,66,113,89.469,84.45,34824,16,25.9,34824,0.01717904,-0.1254456,0.00632016,0,2021,6,1,0,16,36
181,98.6753,50.417496,7.560412,0,650,0,0,0,0,0,0,0,0,0,0,25.65,2,0,0,0,0,0,412.35,0,0,64,0,66,113,89.469,84.45,34824,16,25.9,34824,0.02330768,-0.12027456,0.00076608,0,2021,6,1,0,16,46
182,98.6753,50.417496,7.560413,0,650,0,0,0,0,0,0,0,0,0,0,25.65,2,0,0,0,0,0,412.35,0,0,64,0,66,113,89.469,84.45,34824,16,25.9,34824,0.02330768,-0.12027456,0.00076608,0,2021,6,1,0,16,51
183,98.6753,50.417496,7.560413,0,650,0,0,0,0,0,0,0,0,0,0,25.65,2,0,0,0,0,0,412.35,0,0,64,0,65,113,90.406,84.45,34824,16,25.9,34824,0.02330768,-0.12027456,0.00076608,0,2021,6,1,0,16,52
184,98.6753,50.417496,7.560413,0,650,0,0,0,0,0,0,0,0,0,0,25.65,2,0,0,0,0,0,412.35,0,0,64,0,65,113,90.406,84.45,34824,16,25.9,34824,0.02330768,-0.12027456,0.00076608,0,2021,6,1,0,16,53
185,98.6753,50.417496,7.560413,0,650,0,0,0,0,0,0,0,0,0,0,25.65,2,0,0,0,0,0,412.35,0,0,64,0,65,113,90.406,84.45,34824,16,25.9,34824,0.02330768,-0.12027456,0.00076608,0,2021,6,1,0,16,54
186,98.6753,50.417496,7.560413,0,650,0,0,0,0,0,0,0,0,0,0,25.65,2,0,0,0,0,0,412.35,0,0,64,0,65,113,90.406,84.45,34824,16,25.9,34824,0.0206264,-0.12333888,0.00306432,0,2021,6,1,0,16,59
187,98.6753,50.417496,7.560413,0,650,0,0,0,0,0,0,0,0,0,0,25.65,2,0,0,0,0,0,412.35,0,0,64.09091,0,65,113,90.406,84.45,34824,13.090909,26,34824,0.0206264,-0.12333888,0.00306432,0,2021,6,1,0,17,6
188,98.6753,50.417496,7.560413,0,650,0,0,0,0,0,0,0,0,0,0,25.65,2,0,0,0,0,0,412.35,0,0,64.09091,0,65,113,90.406,84.45,34824,13.090909,26,34824,0.02005184,-0.11855088,0.0114912,0,2021,6,1,0,17,11
189,98.6753,50.417496,7.560412,0,650,0,0,0,0,0,0,0,0,0,0,25.65,2,0,0,0,0,0,412.35,0,0,64.09091,0,65,113,90.406,84.45,34824,13.090909,26,34824,0.02005184,-0.11855088,0.0114912,0,2021,6,1,0,17,21
190,98.6753,50.417496,7.560412,0,650,0,0,0,0,0,0,0,0,0,0,25.65,2,0,0,0,0,0,412.35,0,0,64.09091,0,65,113,90.406,84.45,34824,13.090909,26,34824,0.02005184,-0.11855088,0.0114912,0,2021,6,1,0,17,22
191,98.6753,50.417496,7.560412,0,650,0,0,0,0,0,0,0,0,0,0,25.65,2,0,0,0,0,0,412.35,0,0,64.09091,0,65,112.125,90.156,84.45,34824,13.090909,26,34824,0.02005184,-0.11855088,0.0114912,0,2021,6,1,0,17,23
192,98.6753,50.417496,7.560412,0,650,0,0,0,0,0,0,0,0,0,0,25.65,2,0,0,0,0,0,412.35,0,0,64.09091,0,65,112.125,90.156,84.45,34824,13.090909,26,34824,0.01909424,-0.1206576,-0.00229824,0,2021,6,1,0,17,24
193,98.6753,50.417496,7.560412,0,650,0,0,0,0,0,0,0,0,0,0,25.65,2,0,0,0,0,0,412.35,0,0,64.09091,0,65,112.125,90.156,84.45,34824,13.090909,26,34824,0.01564688,-0.1177848,0.00344736,0,2021,6,1,0,17,36
194,98.6753,50.417496,7.560412,0,650,0,0,0,0,0,0,0,0,0,0,25.65,2,0,0,0,0,0,412.35,0,0,64,0,65,112.125,90.156,84.45,34824,13.090909,26,34824,0.01564688,-0.1177848,0.00344736,0,2021,6,1,0,17,37
195,98.6753,50.417496,7.560412,0,650,0,0,0,0,0,0,0,0,0,0,25.65,2,0,0,0,0,0,412.35,0,0,64,0,65,112.125,90.156,84.45,34824,13.090909,26,34824,0.0129656,-0.11337984,0.00593712,0,2021,6,1,0,17,49
196,98.6753,50.417496,7.560412,0,650,0,0,0,0,0,0,0,0,0,0,25.65,2,0,0,0,0,0,412.35,0,0,64,0,65,112.125,90.156,84.45,34824,13.090909,26,34824,0.0129656,-0.11337984,0.00593712,0,2021,6,1,0,17,52
197,98.6753,50.417496,7.560412,0,650,0,0,0,0,0,0,0,0,0,0,25.65,2,0,0,0,0,0,412.35,0,0,64,0,65,112.125,90.156,84.45,34824,13.090909,26,34824,0.0129656,-0.11337984,0.00593712,0,2021,6,1,0,17,53
198,98.6753,50.417496,7.560412,0,650,0,0,0,0,0,0,0,0,0,0,25.65,2,0,0,0,0,0,412.35,0,0,64,0,65,112.125,90.156,84.45,34824,13.090909,26,34824,0.0129656,-0.11337984,0.00593712,0,2021,6,1,0,17,54
199,98.6753,50.417496,7.560412,0,650,0,0,0,0,0,0,0,0,0,0,25.65,2,0,0,0,0,0,412.35,0,0,64,0,65,112.125,90.156,84.45,34824,13.090909,26,34824,0.0129656,-0.11337984,0.00593712,0,2021,6,1,0,17,55
200,98.6753,50.417496,7.560412,0,650,0,0,0,0,0,0,0,0,0,0,25.65,2,0,0,0,0,0,412.35,0,0,64,0,65,112.125,90.156,84.45,34824,13.090909,26,34824,0.00970976,-0.11835936,0.00804384,0,2021,6,1,0,18,1
201,98.6753,50.417496,7.560412,0,650,0,0,0,0,0,0,0,0,0,0,25.65,0.90909094,0,0,0,0,0,412.35,0,0,64,0,65,112.125,90.156,84.45,34824,16,26,34824,0.00970976,-0.11835936,0.00804384,0,2021,6,1,0,18,8
202,98.6753,50.417496,7.560412,0,650,0,0,0,0,0,0,0,0,0,0,25.65,0.90909094,0,0,0,0,0,412.35,0,0,64,0,65,112.125,90.156,84.45,34824,16,26,34824,0.02522288,-0.12199824,0.00057456,0,2021,6,1,0,18,13
203,98.6753,50.417496,7.560412,0,650,0,0,0,0,0,0,0,0,0,0,25.65,0.90909094,0,0,0,0,0,412.35,0,0,64,0,65,112.125,90.156,84.45,34824,16,26,34824,0.02522288,-0.12199824,0.00057456,0,2021,6,1,0,18,22
204,98.6753,50.417496,7.560411,0,650,0,0,0,0,0,0,0,0,0,0,25.65,0.90909094,0,0,0,0,0,412.35,0,0,64,0,65,112.125,90.156,84.45,34824,16,26,34824,0.02522288,-0.12199824,0.00057456,0,2021,6,1,0,18,23
205,98.6753,50.417496,7.560411,0,650,0,0,0,0,0,0,0,0,0,0,25.65,0.90909094,0,0,0,0,0,412.35,0,0,64,0,65,112.125,90.156,84.45,34824,16,26,34824,0.02522288,-0.12199824,0.00057456,0,2021,6,1,0,18,24
206,98.6753,50.417496,7.560411,0,650,0,0,0,0,0,0,0,0,0,0,25.65,0.90909094,0,0,0,0,0,412.35,0,0,64,0,65,112.125,90.406,84.45,34824,16,26,34824,0.02522288,-0.12199824,0.00057456,0,2021,6,1,0,18,25
207,98.6753,50.417496,7.560411,0,650,0,0,0,0,0,0,0,0,0,0,25.65,0.90909094,0,0,0,0,0,412.35,0,0,64,0,65,112.125,90.406,84.45,34824,16,26,34824,0.01315712,-0.12333888,0.00153216,0,2021,6,1,0,18,26
208,98.6753,50.417496,7.560411,0,650,0,0,0,0,0,0,0,0,0,0,25.65,1.6,0,0,0,0,0,412.35,0,0,64,0,65,112.125,90.406,84.45,34824,14.4,26,34824,0.01851968,-0.11548656,0.00172368,0,2021,6,1,0,18,38
209,98.6753,50.417496,7.560411,0,650,0,0,0,0,0,0,0,0,0,0,25.65,1.6,0,0,0,0,0,412.35,0,0,64,0,65,112.125,90.406,84.45,34824,14.4,26,34824,0.01373168,-0.11146464,0.00229824,0,2021,6,1,0,18,51
210,98.6753,50.417496,7.560411,0,650,0,0,0,0,0,0,0,0,0,0,25.65,1.6,0,0,0,0,0,412.35,0,0,64,0,65,112.781,89.469,84.45,34824,14.4,26,34824,0.01373168,-0.11146464,0.00229824,0,2021,6,1,0,18,53
211,98.6753,50.417496,7.560411,0,650,0,0,0,0,0,0,0,0,0,0,25.65,1.6,0,0,0,0,0,412.35,0,0,64,0,65,112.781,89.469,84.45,34824,14.4,26,34824,0.01373168,-0.11146464,0.00229824,0,2021,6,1,0,18,54
212,98.6753,50.417496,7.560411,0,650,0,0,0,0,0,0,0,0,0,0,25.65,1.6,0,0,0,0,0,412.35,0,0,64,0,65,112.781,89.469,84.45,34824,14.4,26,34824,0.01373168,-0.11146464,0.00229824,0,2021,6,1,0,18,55
213,98.6753,50.417496,7.560411,0,650,0,0,0,0,0,0,0,0,0,0,25.65,1.6,0,0,0,0,0,412.35,0,0,64,0,65,112.781,89.469,84.45,34824,14.4,26,34824,0.012008,-0.11606112,0.00248976,0,2021,6,1,0,19,3
214,98.6753,50.417496,7.560411,0,650,0,0,0,0,0,0,0,0,0,0,25.65,2,0,0,0,0,0,412.35,0,0,64,0,65,112.781,89.469,84.45,34824,16,26,34824,0.012008,-0.11606112,0.00248976,0,2021,6,1,0,19,7
215,98.6753,50.417496,7.560411,0,650,0,0,0,0,0,0,0,0,0,0,25.65,2,0,0,0,0,0,412.35,0,0,64,0,65,112.781,89.469,84.45,34824,16,26,34824,0.01468928,-0.11452896,0.0057456,0,2021,6,1,0,19,16
216,98.6753,50.417496,7.560411,0,650,0,0,0,0,0,0,0,0,0,0,25.65,2,0,0,0,0,0,412.35,0,0,64,0,65,112.781,89.469,84.45,34824,16,26,34824,0.01468928,-0.11452896,0.0057456,0,2021,6,1,0,19,23
217,98.6753,50.417496,7.560411,0,650,0,0,0,0,0,0,0,0,0,0,25.65,2,0,0,0,0,0,412.35,0,0,64,0,65,112.125,89.469,84.45,34824,16,26,34824,0.01468928,-0.11452896,0.0057456,0,2021,6,1,0,19,24
218,98.6753,50.417496,7.560411,0,650,0,0,0,0,0,0,0,0,0,0,25.65,2,0,0,0,0,0,412.35,0,0,64,0,65,112.125,89.469,84.45,34824,16,26,34824,0.01468928,-0.11452896,0.0057456,0,2021,6,1,0,19,25
219,98.6753,50.417496,7.560411,0,650,0,0,0,0,0,0,0,0,0,0,25.65,2,0,0,0,0,0,412.35,0,0,64,0,65,112.125,89.469,84.45,34824,16,26,34824,0.01813664,-0.11223072,0.01110816,0,2021,6,1,0,19,28
220,98.6753,50.417496,7.560411,0,650,0,0,0,0,0,0,0,0,0,0,25.65,2,0,0,0,0,0,412.35,0,0,64,0,65,112.125,89.469,84.45,34824,14.545455,26,34824,0.01813664,-0.11223072,0.01110816,0,2021,6,1,0,19,38
221,98.6753,50.417496,7.560411,0,650,0,0,0,0,0,0,0,0,0,0,25.65,2,0,0,0,0,0,412.35,0,0,64,0,65,112.125,89.469,84.45,34824,14.545455,26,34824,0.01564688,-0.12678625,0.00497952,0,2021,6,1,0,19,41
222,98.6753,50.417496,7.56041,0,650,0,0,0,0,0,0,0,0,0,0,25.65,2,0,0,0,0,0,412.35,0,0,64,0,65,112.125,89.469,84.45,34824,14.545455,26,34824,0.0148808,-0.13080816,0.00268128,0,2021,6,1,0,19,53
223,98.6753,50.417496,7.56041,0,650,0,0,0,0,0,0,0,0,0,0,25.65,2,0,0,0,0,0,412.35,0,0,64,0,65,112.125,89.469,84.45,34824,14.545455,26,34824,0.0148808,-0.13080816,0.00268128,0,2021,6,1,0,19,54
224,98.6753,50.417496,7.56041,0,650,0,0,0,0,0,0,0,0,0,0,25.65,2,0,0,0,0,0,412.35,0,0,64,0,65,111.219,88.531,84.45,34824,14.545455,26,34824,0.0148808,-0.13080816,0.00268128,0,2021,6,1,0,19,55
225,98.6753,50.417496,7.56041,0,650,0,0,0,0,0,0,0,0,0,0,25.65,2,0,0,0,0,0,412.35,0,0,64,0,65,111.219,88.531,84.45,34824,14.545455,26,34824,0.0148808,-0.12276432,0.0067032,0,2021,6,1,0,20,5
226,98.6753,50.417496,7.56041,0,650,0,0,0,0,0,0,0,0,0,0,25.65,2,0,0,0,0,0,412.35,0,0,64,0,65,111.219,88.531,84.45,34824,14.4,26,34824,0.0148808,-0.12276432,0.0067032,0,2021,6,1,0,20,8
227,98.6753,50.417496,7.56041,0,650,0,0,0,0,0,0,0,0,0,0,25.65,2,0,0,0,0,0,412.35,0,0,64,0,65,111.219,88.531,84.45,34824,14.4,26,34824,0.01813664,-0.13425551,-0.00134064,0,2021,6,1,0,20,18
228,98.6753,50.417496,7.56041,0,650,0,0,0,0,0,0,0,0,0,0,25.65,2,0,0,0,0,0,412.35,0,0,64,0,65,112.125,88.531,84.45,34824,14.4,26,34824,0.01813664,-0.13425551,-0.00134064,0,2021,6,1,0,20,23
229,98.6753,50.417496,7.56041,0,650,0,0,0,0,0,0,0,0,0,0,25.7,2,0,0,0,0,0,412.35,0,0,64,0,65,112.125,88.531,84.45,34824,14.4,26,34824,0.01813664,-0.13425551,-0.00134064,0,2021,6,1,0,20,24
230,98.6753,50.417496,7.56041,0,650,0,0,0,0,0,0,0,0,0,0,25.7,2,0,0,0,0,0,412.35,0,0,64,0,65,112.125,88.531,84.45,34824,14.4,26,34824,0.01813664,-0.13425551,-0.00134064,0,2021,6,1,0,20,25
231,98.6753,50.417496,7.56041,0,650,0,0,0,0,0,0,0,0,0,0,25.7,2,0,0,0,0,0,412.35,0,0,64,0,65,112.125,88.531,84.45,34824,14.4,26,34824,0.02043488,-0.1283184,0.00536256,0,2021,6,1,0,20,30
232,98.6753,50.417496,7.56041,0,650,0,0,0,0,0,0,0,0,0,0,25.7,2,0,0,0,0,0,412.35,0,0,64,0,65,112.125,88.531,84.45,34824,14.545455,26.09091,34824,0.02043488,-0.1283184,0.00536256,0,2021,6,1,0,20,37
233,98.6753,50.417496,7.56041,0,650,0,0,0,0,0,0,0,0,0,0,25.7,2,0,0,0,0,0,412.35,0,0,64,0,65,112.125,88.531,84.45,34824,14.545455,26.09091,34824,0.02081792,-0.12410496,0.00689472,0,2021,6,1,0,20,42
234,98.6753,50.417496,7.560411,0,650,0,0,0,0,0,0,0,0,0,0,25.7,2,0,0,0,0,0,412.35,0,0,64,0,65,112.125,88.531,84.45,34824,14.545455,26.09091,34824,0.02081792,-0.12410496,0.00689472,0,2021,6,1,0,20,53
235,98.6753,50.417496,7.560411,0,650,0,0,0,0,0,0,0,0,0,0,25.7,2,0,0,0,0,0,412.35,0,0,64,0,65,111.219,88.531,84.45,34824,14.545455,26.09091,34824,0.02081792,-0.12410496,0.00689472,0,2021,6,1,0,20,54
236,98.6753,50.417496,7.560411,0,650,0,0,0,0,0,0,0,0,0,0,25.65,2,0,0,0,0,0,412.35,0,0,64,0,65,111.219,88.531,84.45,34824,14.545455,26.09091,34824,0.01737056,-0.11414592,0.0114912,0,2021,6,1,0,20,55
237,98.6753,50.417496,7.560411,0,650,0,0,0,0,0,0,0,0,0,0,25.65,2,0,0,0,0,0,412.35,0,0,64,0,65,111.219,88.531,84.45,34824,14.545455,26.09091,34824,0.01737056,-0.11414592,0.0114912,0,2021,6,1,0,20,56
238,98.6753,50.417496,7.560411,0,650,0,0,0,0,0,0,0,0,0,0,25.65,2,0,0,0,0,0,412.35,0,0,64,0,65,111.219,88.531,84.45,34824,14.545455,26.09091,34824,0.01430624,-0.1082088,0.0057456,0,2021,6,1,0,21,7
239,98.6753,50.417496,7.560411,0,650,0,0,0,0,0,0,0,0,0,0,25.65,2,0,0,0,0,0,412.35,0,0,64,0,65,111.219,88.531,84.45,34824,14.545455,25.90909,34824,0.01430624,-0.1082088,0.0057456,0,2021,6,1,0,21,8
240,98.6753,50.417496,7.560411,0,650,0,0,0,0,0,0,0,0,0,0,25.65,2,0,0,0,0,0,412.35,0,0,64,0,65,111.219,88.531,84.45,34824,14.545455,25.90909,34824,0.01219952,-0.11069856,0.01283184,0,2021,6,1,0,21,20
241,98.6753,50.417496,7.560411,0,650,0,0,0,0,0,0,0,0,0,0,25.65,2,0,0,0,0,0,412.35,0,0,64,0,65,111.219,88.531,84.45,34824,14.545455,25.90909,34824,0.01219952,-0.11069856,0.01283184,0,2021,6,1,0,21,23
242,98.6753,50.417496,7.560411,0,650,0,0,0,0,0,0,0,0,0,0,25.65,2,0,0,0,0,0,412.35,0,0,64,0,65,111.219,88.531,84.45,34824,14.545455,25.90909,34824,0.01219952,-0.11069856,0.01283184,0,2021,6,1,0,21,24
243,98.6753,50.417496,7.560411,0,650,0,0,0,0,0,0,0,0,0,0,25.65,2,0,0,0,2,0,412.35,0,0,64,0,65,110.313,88.531,84.45,34824,14.545455,25.90909,34824,0.01219952,-0.11069856,0.01283184,0,2021,6,1,0,21,25
244,98.6753,50.417496,7.560411,0,650,0,0,0,0,0,0,0,0,0,0,25.65,2,0,0,0,2,0,412.35,0,0,64,0,65,110.313,88.531,84.45,34824,14.545455,25.90909,34824,0.01219952,-0.11069856,0.01283184,0,2021,6,1,0,21,26
245,98.6753,50.417496,7.560411,0,650,0,0,0,0,0,0,0,0,0,0,25.65,2,0,0,0,2,0,412.35,0,0,64,0,65,110.313,88.531,84.45,34824,14.545455,25.90909,34824,0.01564688,-0.1168272,0.00076608,0,2021,6,1,0,21,32
246,98.6753,50.417496,7.560411,0,650,0,0,0,0,0,0,0,0,0,0,25.65,2,0,0,0,2,0,412.35,0,0,64,0,65,110.313,88.531,84.45,34824,12.8,26,34824,0.01564688,-0.1168272,0.00076608,0,2021,6,1,0,21,38
247,98.6753,50.417496,7.560411,0,650,0,0,0,0,0,0,0,0,0,0,25.65,2,0,0,0,2,0,412.35,0,0,64,0,65,110.313,88.531,84.45,34824,12.8,26,34824,0.00779456,-0.13463856,-0.00057456,0,2021,6,1,0,21,45
248,98.6753,50.417496,7.560411,0,650,0,0,0,0,0,0,0,0,0,0,25.65,2,0,0,0,2,0,412.35,0,0,64,0,65,110.313,88.531,84.45,34824,12.8,26,34824,0.00779456,-0.13463856,-0.00057456,0,2021,6,1,0,21,53
249,98.6753,50.417496,7.560411,0,650,0,0,0,0,0,0,0,0,0,0,25.65,2,0,0,0,0,0,412.35,0,0,64,0,65,111.219,88.531,84.45,34824,12.8,26,34824,0.00779456,-0.13463856,-0.00057456,0,2021,6,1,0,21,54
250,98.6753,50.417496,7.560411,0,650,0,0,0,0,0,0,0,0,0,0,25.65,2,0,0,0,0,0,412.35,0,0,64,0,65,111.219,88.531,84.45,34824,12.8,26,34824,0.00779456,-0.13463856,-0.00057456,0,2021,6,1,0,21,55
251,98.6753,50.417496,7.560411,0,650,0,0,0,0,0,0,0,0,0,0,25.65,2,0,0,0,0,0,412.35,0,0,64,0,65,111.219,88.531,84.45,34824,12.8,26,34824,0.00779456,-0.13463856,-0.00057456,0,2021,6,1,0,21,56
252,98.6753,50.417496,7.560411,0,650,0,0,0,0,0,0,0,0,0,0,25.65,2,0,0,0,0,0,412.35,0,0,64,0,65,111.219,88.531,84.45,34824,12.8,26,34824,0.00032528,-0.134064,0.01072512,0,2021,6,1,0,21,57
253,98.6753,50.417496,7.560411,0,650,0,0,0,0,0,0,0,0,0,0,25.65,2,0,0,0,0,0,412.35,0,0,64,0,65,111.219,88.531,84.45,34824,11.636364,26,34824,0.00032528,-0.134064,0.01072512,0,2021,6,1,0,22,8
254,98.6753,50.417496,7.560411,0,650,0,0,0,0,0,0,0,0,0,0,25.65,2,0,0,0,0,0,412.35,0,0,64,0,65,111.219,88.531,84.45,34824,11.636364,26,34824,0.01219952,-0.11261376,0.0114912,0,2021,6,1,0,22,9
255,98.6753,50.417496,7.560411,0,650,0,0,0,0,0,0,0,0,0,0,25.65,2,0,0,0,0,0,412.35,0,0,64,0,65,111.219,88.531,84.45,34824,11.636364,26,34824,0.0053048,-0.12046608,0.00363888,0,2021,6,1,0,22,22
256,98.6753,50.417496,7.560411,0,650,0,0,0,0,0,0,0,0,0,0,25.65,2,0,0,0,0,0,412.35,0,0,64,0,65,111.219,88.531,84.45,34824,11.636364,26,34824,0.0053048,-0.12046608,0.00363888,0,2021,6,1,0,22,23
257,98.6753,50.417496,7.560411,0,650,0,0,0,0,0,0,0,0,0,0,25.65,2,0,0,0,0,0,412.35,0,0,64,0,65,111.219,88.531,84.45,34824,11.636364,26,34824,0.0053048,-0.12046608,0.00363888,0,2021,6,1,0,22,24
258,98.6753,50.417496,7.560411,0,650,0,0,0,0,0,0,0,0,0,0,25.65,2,0,0,0,0,0,412.35,0,0,64,0,65,110.563,88.531,84.45,34824,11.636364,26,34824,0.0053048,-0.12046608,0.00363888,0,2021,6,1,0,22,25
259,98.6753,50.417496,7.560411,0,650,0,0,0,0,0,0,0,0,0,0,25.65,2,0,0,0,0,0,412.35,0,0,64,0,65,110.563,88.531,84.45,34824,11.636364,26,34824,0.0053048,-0.12046608,0.00363888,0,2021,6,1,0,22,26
260,98.6753,50.417496,7.560411,0,650,0,0,0,0,0,0,0,0,0,0,25.65,2,0,0,0,0,0,412.35,0,0,64,0,65,110.563,88.531,84.45,34824,11.636364,26,34824,0.01622144,-0.12582864,0.00517104,0,2021,6,1,0,22,34
261,98.6753,50.417496,7.560411,0,650,0,0,0,0,0,0,0,0,0,0,25.65,2,0,0,0,0,0,412.35,0,0,63.909092,0,65,110.563,88.531,84.45,34824,13.090909,25.90909,34824,0.01622144,-0.12582864,0.00517104,0,2021,6,1,0,22,39
262,98.6753,50.417496,7.560411,0,650,0,0,0,0,0,0,0,0,0,0,25.65,2,0,0,0,0,0,412.35,0,0,63.909092,0,65,110.563,88.531,84.45,34824,13.090909,25.90909,34824,0.01947728,-0.13061664,-0.00689472,0,2021,6,1,0,22,47
263,98.6753,50.417496,7.560411,0,650,0,0,0,0,0,0,0,0,0,0,25.65,2,0,0,0,0,0,412.35,0,0,63.909092,0,65,110.563,88.531,84.45,34824,13.090909,25.90909,34824,0.01947728,-0.13061664,-0.00689472,0,2021,6,1,0,22,54
264,98.6753,50.417496,7.560411,0,650,0,0,0,0,0,0,0,0,0,0,25.65,2,0,0,0,0,0,412.35,0,0,63.909092,0,65,110.563,88.531,84.45,34824,13.090909,25.90909,34824,0.01947728,-0.13061664,-0.00689472,0,2021,6,1,0,22,55
265,98.6753,50.417496,7.560411,0,650,0,0,0,0,0,0,0,0,0,0,25.65,2,0,0,0,0,0,412.35,0,0,63.909092,0,65,110.313,88.281,84.45,34824,13.090909,25.90909,34824,0.01947728,-0.13061664,-0.00689472,0,2021,6,1,0,22,56
266,98.6753,50.417496,7.560411,0,650,0,0,0,0,0,0,0,0,0,0,25.65,2,0,0,0,0,0,412.35,0,0,63.909092,0,65,110.313,88.281,84.45,34824,13.090909,25.90909,34824,0.01947728,-0.13061664,-0.00689472,0,2021,6,1,0,22,57
267,98.6753,50.417496,7.560411,0,650,0,0,0,0,0,0,0,0,0,0,25.65,2,0,0,0,0,0,412.35,0,0,63.909092,0,65,110.313,88.281,84.45,34824,13.090909,25.90909,34824,0.01545536,-0.12659472,0.00440496,0,2021,6,1,0,23,0
268,98.6753,50.417496,7.560411,0,650,0,0,0,0,0,0,0,0,0,0,25.65,2,0,0,0,0,0,412.35,0,0,64,0,65,110.313,88.281,84.45,34824,14.4,25.9,34824,0.01545536,-0.12659472,0.00440496,0,2021,6,1,0,23,8
269,98.6753,50.417496,7.560411,0,650,0,0,0,0,0,0,0,0,0,0,25.65,2,0,0,0,0,0,412.35,0,0,64,0,65,110.313,88.281,84.45,34824,14.4,25.9,34824,0.01564688,-0.1129968,0.00344736,0,2021,6,1,0,23,12
270,98.6753,50.417496,7.560411,0,650,0,0,0,0,0,0,0,0,0,0,25.7,2,0,0,0,0,0,412.35,0,0,64,0,65,109.406,88.281,84.45,34824,14.4,25.9,34824,0.01564688,-0.1129968,0.00344736,0,2021,6,1,0,23,24
271,98.6753,50.417496,7.560411,0,650,0,0,0,0,0,0,0,0,0,0,25.7,2,0,0,0,0,0,412.35,0,0,64,0,65,109.406,88.281,84.45,34824,14.4,25.9,34824,0.01545536,-0.1254456,0.014364,0,2021,6,1,0,23,25
272,98.6753,50.417496,7.560411,0,650,0,0,0,0,0,0,0,0,0,0,25.7,2,0,0,0,0,0,412.35,0,0,64,0,65,109.406,88.281,84.45,34824,14.4,25.9,34824,0.01545536,-0.1254456,0.014364,0,2021,6,1,0,23,26
273,98.6753,50.417496,7.560411,0,650,0,0,0,0,0,0,0,0,0,0,25.7,2,0,0,0,0,0,412.35,0,0,64,0,65,109.406,88.281,84.45,34824,14.4,25.9,34824,0.016796,-0.1350216,0.01359792,0,2021,6,1,0,23,37
274,98.6753,50.417496,7.560411,0,650,0,0,0,0,0,0,0,0,0,0,25.7,2,0,0,0,0,0,412.35,0,0,63.81818,0,65,109.406,88.281,84.45,34824,11.636364,25.90909,34824,0.016796,-0.1350216,0.01359792,0,2021,6,1,0,23,38
275,98.6753,50.417496,7.560411,0,650,0,0,0,0,0,0,0,0,0,0,25.7,2,0,0,0,0,0,412.35,0,0,63.81818,0,65,109.406,88.281,84.45,34824,11.636364,25.90909,34824,0.00894368,-0.11759328,0.00842688,0,2021,6,1,0,23,50
276,98.6753,50.417496,7.560411,0,650,0,0,0,0,0,0,0,0,0,0,25.7,2,0,0,0,0,0,412.35,0,0,63.81818,0,65,109.406,88.281,84.45,34824,11.636364,25.90909,34824,0.00894368,-0.11759328,0.00842688,0,2021,6,1,0,23,54
277,98.6753,50.417496,7.560411,0,650,0,0,0,0,0,0,0,0,0,0,25.7,2,0,0,0,0,0,412.35,0,0,63.81818,0,65,109.406,88.281,84.45,34824,11.636364,25.90909,34824,0.00894368,-0.11759328,0.00842688,0,2021,6,1,0,23,55
278,98.6753,50.417496,7.560411,0,650,0,0,0,0,0,0,0,0,0,0,25.7,2,0,0,0,0,0,412.35,0,0,63.81818,0,65,109.406,88.281,84.45,34824,11.636364,25.90909,34824,0.00894368,-0.11759328,0.00842688,0,2021,6,1,0,23,56
279,98.6753,50.417496,7.560411,0,650,0,0,0,0,0,0,0,0,0,0,25.7,2,0,0,0,0,0,412.35,0,0,63.81818,0,65,109.406,88.281,84.45,34824,11.636364,25.90909,34824,0.00894368,-0.11759328,0.00842688,0,2021,6,1,0,23,57
280,98.6753,50.417496,7.560411,0,650,0,0,0,0,0,0,0,0,0,0,25.7,2,0,0,0,0,0,412.35,0,0,63.81818,0,65,109.406,88.281,84.45,34824,11.636364,25.90909,34824,0.01181648,-0.1187424,0.0076608,0,2021,6,1,0,24,2
281,98.6753,50.417496,7.560411,0,650,0,0,0,0,0,0,0,0,0,0,25.7,2,0,0,0,0,0,412.35,0,0,63.727272,0,65,109.406,88.281,84.45,34824,16,26,34824,0.01181648,-0.1187424,0.0076608,0,2021,6,1,0,24,9
282,98.6753,50.417496,7.560411,0,650,0,0,0,0,0,0,0,0,0,0,25.7,2,0,0,0,0,0,412.35,0,0,63.727272,0,65,109.406,88.281,84.45,34824,16,26,34824,0.01602992,-0.10859184,0.0086184,0,2021,6,1,0,24,14
283,98.6753,50.417496,7.560411,0,650,0,0,0,0,0,0,0,0,0,0,25.7,2,0,0,0,0,0,412.35,0,0,63.727272,0,65,109.406,88.281,84.45,34824,16,26,34824,0.01602992,-0.10859184,0.0086184,0,2021,6,1,0,24,24
284,98.6753,50.417496,7.560411,0,650,0,0,0,0,0,0,0,0,0,0,25.7,2,0,0,0,0,0,412.35,0,0,63.727272,0,65,109.406,88.281,84.45,34824,16,26,34824,0.01602992,-0.10859184,0.0086184,0,2021,6,1,0,24,25
285,98.6753,50.417496,7.560411,0,650,0,0,0,0,0,0,0,0,0,0,25.65,2,0,0,0,0,0,412.35,0,0,63.727272,0,65,109.406,87.594,84.45,34824,16,26,34824,0.01602992,-0.10859184,0.0086184,0,2021,6,1,0,24,26
286,98.6753,50.417496,7.560411,0,650,0,0,0,0,0,0,0,0,0,0,25.65,2,0,0,0,0,0,412.35,0,0,63.727272,0,65,109.406,87.594,84.45,34824,16,26,34824,0.01468928,-0.11261376,0.00804384,0,2021,6,1,0,24,27
287,98.6753,50.417496,7.560411,0,650,0,0,0,0,0,0,0,0,0,0,25.65,2,0,0,0,0,0,412.35,0,0,63.7,0,65,109.406,87.594,84.45,34824,14.4,26,34824,0.01468928,-0.11261376,0.00804384,0,2021,6,1,0,24,38
288,98.6753,50.417496,7.560411,0,650,0,0,0,0,0,0,0,0,0,0,25.65,2,0,0,0,0,0,412.35,0,0,63.7,0,65,109.406,87.594,84.45,34824,14.4,26,34824,0.01047584,-0.10878336,0.01129968,0,2021,6,1,0,24,39
289,98.6753,50.417496,7.560411,0,650,0,0,0,0,0,0,0,0,0,0,25.65,2,0,0,0,0,0,412.35,0,0,63.7,0,65,109.406,87.594,84.45,34824,14.4,26,34824,0.0196688,-0.11931696,-0.00172368,0,2021,6,1,0,24,52
290,98.6753,50.417496,7.560411,0,650,0,0,0,0,0,0,0,0,0,0,25.65,2,0,0,0,0,0,412.35,0,0,63.7,0,65,108.469,87.594,84.45,34824,14.4,26,34824,0.0196688,-0.11931696,-0.00172368,0,2021,6,1,0,24,54
291,98.6753,50.417496,7.560411,0,650,0,0,0,0,0,0,0,0,0,0,25.65,2,0,0,0,0,0,412.35,0,0,63.7,0,65,108.469,87.594,84.45,34824,14.4,26,34824,0.0196688,-0.11931696,-0.00172368,0,2021,6,1,0,24,55
292,98.6753,50.417496,7.560411,0,650,0,0,0,0,0,0,0,0,0,0,25.65,2,0,0,0,0,0,412.35,0,0,63.7,0,65,108.469,87.594,84.45,34824,14.4,26,34824,0.0196688,-0.11931696,-0.00172368,0,2021,6,1,0,24,56
293,98.6753,50.417496,7.560411,0,650,0,0,0,0,0,0,0,0,0,0,25.65,2,0,0,0,0,0,412.35,0,0,63.7,0,65,108.469,87.594,84.45,34824,14.4,26,34824,0.01449776,-0.12295584,0.00421344,0,2021,6,1,0,25,4
294,98.6753,50.417496,7.560411,0,650,0,0,0,0,0,0,0,0,0,0,25.65,2,0,0,0,0,0,412.35,0,0,63.454544,0,65,108.469,87.594,84.45,34824,14.545455,26,34824,0.01449776,-0.12295584,0.00421344,0,2021,6,1,0,25,8
295,98.6753,50.417496,7.560411,0,650,0,0,0,0,0,0,0,0,0,0,25.65,2,0,0,0,0,0,412.35,0,0,63.454544,0,65,108.469,87.594,84.45,34824,14.545455,26,34824,0.01737056,-0.11165616,0.01168272,0,2021,6,1,0,25,17
296,98.6753,50.417496,7.560411,0,650,0,0,0,0,0,0,0,0,0,0,25.65,2,0,0,0,0,0,412.35,0,0,63.454544,0,65,108.469,87.594,84.45,34824,14.545455,26,34824,0.01737056,-0.11165616,0.01168272,0,2021,6,1,0,25,24
297,98.6753,50.417496,7.560411,0,650,0,0,0,0,0,0,0,0,0,0,25.65,2,0,0,0,0,0,412.35,0,0,63.454544,0,65,109.406,87.594,84.45,34824,14.545455,26,34824,0.01737056,-0.11165616,0.01168272,0,2021,6,1,0,25,25
298,98.6753,50.417496,7.560411,0,650,0,0,0,0,0,0,0,0,0,0,25.65,2,0,0,0,0,0,412.35,0,0,63.454544,0,65,109.406,87.594,84.45,34824,14.545455,26,34824,0.01737056,-0.11165616,0.01168272,0,2021,6,1,0,25,26
299,98.6753,50.417496,7.560411,0,650,0,0,0,0,0,0,0,0,0,0,25.65,2,0,0,0,0,0,412.35,0,0,63.454544,0,65,109.406,87.594,84.45,34824,14.545455,26,34824,0.01737056,-0.11165616,0.01168272,0,2021,6,1,0,25,27
300,98.6753,50.417496,7.560411,0,650,0,0,0,0,0,0,0,0,0,0,25.65,2,0,0,0,0,0,412.35,0,0,63.454544,0,65,109.406,87.594,84.45,34824,14.545455,26,34824,0.02100944,-0.10744272,0.01264032,0,2021,6,1,0,25,29
301,98.6753,50.417496,7.560411,0,650,0,0,0,0,0,0,0,0,0,0,25.65,2,0,0,0,0,0,412.35,0,0,63.272728,0,65,109.406,87.594,84.45,34824,11.636364,26,34824,0.02100944,-0.10744272,0.01264032,0,2021,6,1,0,25,39
302,98.6753,50.417496,7.560411,0,650,0,0,0,0,0,0,0,0,0,0,25.65,2,0,0,0,0,0,412.35,0,0,63.272728,0,65,109.406,87.594,84.45,34824,11.636364,26,34824,0.01737056,-0.13042513,0.009576,0,2021,6,1,0,25,41
303,98.6753,50.417496,7.56041,0,650,0,0,0,0,0,0,0,0,0,0,25.65,2,0,0,0,0,0,412.35,0,0,63.272728,0,65,109.406,87.594,84.45,34824,11.636364,26,34824,0.02120096,-0.1187424,0.0028728,0,2021,6,1,0,25,54
304,98.6753,50.417496,7.56041,0,650,0,0,0,0,0,0,0,0,0,0,25.65,2,0,0,0,0,0,412.35,0,0,63.272728,0,65,109.406,87.594,84.45,34824,11.636364,26,34824,0.02120096,-0.1187424,0.0028728,0,2021,6,1,0,25,55
305,98.6753,50.417496,7.56041,0,650,0,0,0,0,0,0,0,0,0,0,25.65,2,0,0,0,0,0,412.35,0,0,63.272728,0,65,109.188,87.594,84.45,34824,11.636364,26,34824,0.02120096,-0.1187424,0.0028728,0,2021,6,1,0,25,56
306,98.6753,50.417496,7.56041,0,650,0,0,0,0,0,0,0,0,0,0,25.65,2,0,0,0,0,0,412.35,0,0,63.272728,0,65,109.188,87.594,84.45,34824,11.636364,26,34824,0.02120096,-0.1187424,0.0028728,0,2021,6,1,0,25,57
307,98.6753,50.417496,7.56041,0,650,0,0,0,0,0,0,0,0,0,0,25.65,2,0,0,0,0,0,412.35,0,0,63.272728,0,65,109.188,87.594,84.45,34824,11.636364,26,34824,0.01756208,-0.12678625,0.00900144,0,2021,6,1,0,26,6
308,98.6753,50.417496,7.56041,0,650,0,0,0,0,0,0,0,0,0,0,25.65,2,0,0,0,0,0,412.35,0,0,63,0,65,109.188,87.594,84.45,34824,14.4,25.9,34824,0.01756208,-0.12678625,0.00900144,0,2021,6,1,0,26,10
309,98.6753,50.417496,7.56041,0,650,0,0,0,0,0,0,0,0,0,0,25.65,2,0,0,0,0,0,412.35,0,0,63,0,65,109.188,87.594,84.45,34824,14.4,25.9,34824,0.01564688,-0.12046608,0.00900144,0,2021,6,1,0,26,19
310,98.6753,50.417496,7.56041,0,650,0,0,0,0,0,0,0,0,0,0,25.65,2,0,0,0,0,0,412.35,0,0,63,0,65,109.188,87.594,84.45,34824,14.4,25.9,34824,0.01564688,-0.12046608,0.00900144,0,2021,6,1,0,26,24
311,98.6753,50.417496,7.56041,0,650,0,0,0,0,0,0,0,0,0,0,25.65,2,0,0,0,0,0,412.35,0,0,63,0,65,109.188,86.656,84.45,34824,14.4,25.9,34824,0.01564688,-0.12046608,0.00900144,0,2021,6,1,0,26,25
312,98.6753,50.417496,7.56041,0,650,0,0,0,0,0,0,0,0,0,0,25.65,2,0,0,0,0,0,412.35,0,0,63,0,65,109.188,86.656,84.45,34824,14.4,25.9,34824,0.01564688,-0.12046608,0.00900144,0,2021,6,1,0,26,26
313,98.6753,50.417496,7.56041,0,650,0,0,0,0,0,0,0,0,0,0,25.65,2,0,0,0,0,0,412.35,0,0,63,0,65,109.188,86.656,84.45,34824,14.4,25.9,34824,0.01564688,-0.12046608,0.00900144,0,2021,6,1,0,26,27
314,98.6753,50.417496,7.56041,0,650,0,0,0,0,0,0,0,0,0,0,25.65,2,0,0,0,0,0,412.35,0,0,63,0,65,109.188,86.656,84.45,34824,14.4,25.9,34824,0.01545536,-0.1216152,0.00229824,0,2021,6,1,0,26,31
315,98.6753,50.417496,7.56041,0,650,0,0,0,0,0,0,0,0,0,0,25.65,2,0,0,0,0,0,412.35,0,0,63,0,65,109.188,86.656,84.45,34824,14.545455,25.90909,34824,0.01545536,-0.1216152,0.00229824,0,2021,6,1,0,26,39
316,98.6753,50.417496,7.56041,0,650,0,0,0,0,0,0,0,0,0,0,25.65,2,0,0,0,0,0,412.35,0,0,63,0,65,109.188,86.656,84.45,34824,14.545455,25.90909,34824,0.01737056,-0.1235304,0.01321488,0,2021,6,1,0,26,44
317,98.6753,50.417496,7.56041,0,650,0,0,0,0,0,0,0,0,0,0,25.65,2,0,0,0,0,0,412.35,0,0,63,0,65,109.188,86.656,84.45,34824,14.545455,25.90909,34824,0.01737056,-0.1235304,0.01321488,0,2021,6,1,0,26,54
318,98.6753,50.417496,7.56041,0,650,0,0,0,0,0,0,0,0,0,0,25.65,2,0,0,0,0,0,412.35,0,0,63,0,65,109.188,86.656,84.45,34824,14.545455,25.90909,34824,0.01737056,-0.1235304,0.01321488,0,2021,6,1,0,26,55
319,98.6753,50.417496,7.56041,0,650,0,0,0,0,0,0,0,0,0,0,25.65,2,0,0,0,0,0,412.35,0,0,63,0,65,108.469,87.344,84.45,34824,14.545455,25.90909,34824,0.01622144,-0.1216152,0.01129968,0,2021,6,1,0,26,56
320,98.6753,50.417496,7.56041,0,650,0,0,0,0,0,0,0,0,0,0,25.65,2,0,0,0,0,0,412.35,0,0,63,0,65,108.469,87.344,84.45,34824,14.545455,25.90909,34824,0.01622144,-0.1216152,0.01129968,0,2021,6,1,0,26,57
321,98.6753,50.417496,7.56041,0,650,0,0,0,0,0,0,0,0,0,0,25.65,2,0,0,0,0,0,412.35,0,0,63,0,65,108.469,87.344,84.45,34824,14.545455,25.90909,34824,0.02273312,-0.12238128,0.0038304,0,2021,6,1,0,27,8
322,98.6753,50.417496,7.56041,0,650,0,0,0,0,0,0,0,0,0,0,25.65,2,0,0,0,0,0,412.35,0,0,63,0,65,108.469,87.344,84.45,34824,14.545455,25.90909,34824,0.02273312,-0.12238128,0.0038304,0,2021,6,1,0,27,10
323,98.6753,50.417496,7.56041,0,650,0,0,0,0,0,0,0,0,0,0,25.65,2,0,0,0,0,0,412.35,0,0,63,0,65,108.469,87.344,84.45,34824,14.545455,25.90909,34824,0.0177536,-0.1273608,0.00248976,0,2021,6,1,0,27,21
324,98.6753,50.417496,7.56041,0,650,0,0,0,0,0,0,0,0,0,0,25.65,2,0,0,0,0,0,412.35,0,0,63,0,65,108.469,87.344,84.45,34824,14.545455,25.90909,34824,0.0177536,-0.1273608,0.00248976,0,2021,6,1,0,27,24
325,98.6753,50.417496,7.56041,0,650,0,0,0,0,0,0,0,0,0,0,25.65,2,0,0,0,0,0,412.35,0,0,63,0,65,108.469,87.344,84.45,34824,14.545455,25.90909,34824,0.0177536,-0.1273608,0.00248976,0,2021,6,1,0,27,25
326,98.6753,50.417496,7.56041,0,650,0,0,0,0,0,0,0,0,0,0,25.65,2,0,0,0,0,0,412.35,0,0,63,0,65,108.469,87.344,84.45,34824,14.545455,25.90909,34824,0.0177536,-0.1273608,0.00248976,0,2021,6,1,0,27,26
327,98.6753,50.417496,7.56041,0,650,0,0,0,0,0,0,0,0,0,0,25.65,2,0,0,0,0,0,412.35,0,0,63,0,65,107.594,86.656,84.45,34824,14.545455,25.90909,34824,0.0177536,-0.1273608,0.00248976,0,2021,6,1,0,27,27
328,98.6753,50.417496,7.56041,0,650,0,0,0,0,0,0,0,0,0,0,25.65,2,0,0,0,0,0,412.35,0,0,63,0,65,107.594,86.656,84.45,34824,14.545455,25.90909,34824,0.03001088,-0.11510352,0.00555408,0,2021,6,1,0,27,33
329,98.6753,50.417496,7.56041,0,650,0,0,0,0,0,0,0,0,0,0,25.65,2,0,0,0,0,0,412.35,0,0,62.909092,0,65,107.594,86.656,84.45,34824,16,26,34824,0.03001088,-0.11510352,0.00555408,0,2021,6,1,0,27,41
330,98.6753,50.417496,7.56041,0,650,0,0,0,0,0,0,0,0,0,0,25.65,2,0,0,0,0,0,412.35,0,0,62.909092,0,65,107.594,86.656,84.45,34824,16,26,34824,0.01143344,-0.11069856,-0.00363888,0,2021,6,1,0,27,46
331,98.6753,50.417496,7.56041,0,650,0,0,0,0,0,0,0,0,0,0,25.65,2,0,0,0,0,0,412.35,0,0,62.909092,0,65,107.594,86.656,84.45,34824,16,26,34824,0.01143344,-0.11069856,-0.00363888,0,2021,6,1,0,27,55
332,98.6753,50.417496,7.56041,0,650,0,0,0,0,0,0,0,0,0,0,25.65,2,0,0,0,0,0,412.35,0,0,62.909092,0,65,107.594,86.656,84.45,34824,16,26,34824,0.01143344,-0.11069856,-0.00363888,0,2021,6,1,0,27,56
333,98.6753,50.417496,7.56041,0,650,0,0,0,0,0,0,0,0,0,0,25.65,2,0,0,0,0,0,412.35,0,0,62.909092,0,65,107.594,86.656,84.45,34824,16,26,34824,0.01143344,-0.11069856,-0.00363888,0,2021,6,1,0,27,57
334,98.6753,50.417496,7.56041,0,650,0,0,0,0,0,0,0,0,0,0,25.65,2,0,0,0,0,0,412.35,0,0,62.909092,0,65,108.469,86.656,84.45,34824,16,26,34824,0.01564688,-0.10974096,-0.00555408,0,2021,6,1,0,27,58
335,98.6753,50.417496,7.56041,0,650,0,0,0,0,0,0,0,0,0,0,25.65,2,0,0,0,0,0,412.35,0,0,63,0,65,108.469,86.656,84.45,34824,16,25.9,34824,0.01564688,-0.10974096,-0.00555408,0,2021,6,1,0,28,10
336,98.6753,50.417496,7.56041,0,650,0,0,0,0,0,0,0,0,0,0,25.65,2,0,0,0,0,0,412.35,0,0,63,0,65,108.469,86.656,84.45,34824,16,25.9,34824,0.012008,-0.10093104,0.00593712,0,2021,6,1,0,28,11
337,98.6753,50.417496,7.56041,0,650,0,0,0,0,0,0,0,0,0,0,25.65,2,0,0,0,0,0,412.35,0,0,63,0,65,108.469,86.656,84.45,34824,16,25.9,34824,0.0225416,-0.11740176,0.00172368,0,2021,6,1,0,28,23
338,98.6753,50.417496,7.56041,0,650,0,0,0,0,0,0,0,0,0,0,25.65,2,0,0,0,0,0,412.35,0,0,63,0,65,108.469,86.656,84.45,34824,16,25.9,34824,0.0225416,-0.11740176,0.00172368,0,2021,6,1,0,28,25
339,98.6753,50.417496,7.56041,0,650,0,0,0,0,0,0,0,0,0,0,25.65,2,0,0,0,0,0,412.35,0,0,63,0,65,107.594,86.656,84.45,34824,16,25.9,34824,0.0225416,-0.11740176,0.00172368,0,2021,6,1,0,28,26
340,98.6753,50.417496,7.56041,0,650,0,0,0,0,0,0,0,0,0,0,25.65,2,0,0,0,0,0,412.35,0,0,63,0,65,107.594,86.656,84.45,34824,16,25.9,34824,0.0225416,-0.11740176,0.00172368,0,2021,6,1,0,28,27
341,98.6753,50.417496,7.56041,0,650,0,0,0,0,0,0,0,0,0,0,25.65,2,0,0,0,0,0,412.35,0,0,63,0,65,107.594,86.656,84.45,34824,16,25.9,34824,0.0225416,-0.11740176,0.00172368,0,2021,6,1,0,28,28
342,98.6753,50.417496,7.56041,0,650,0,0,0,0,0,0,0,0,0,0,25.65,2,0,0,0,0,0,412.35,0,0,63,0,65,107.594,86.656,84.45,34824,16,25.9,34824,0.01641296,-0.1158696,0.00536256,0,2021,6,1,0,28,36
343,98.6753,50.417496,7.56041,0,650,0,0,0,0,0,0,0,0,0,0,25.65,2,0,0,0,0,0,412.35,0,0,63,0,65,107.594,86.656,84.45,34824,13.090909,26,34824,0.01641296,-0.1158696,0.00536256,0,2021,6,1,0,28,40
344,98.6753,50.417496,7.56041,0,650,0,0,0,0,0,0,0,0,0,0,25.65,2,0,0,0,0,0,412.35,0,0,63,0,65,107.594,86.656,84.45,34824,13.090909,26,34824,0.01851968,-0.1177848,0.02259936,0,2021,6,1,0,28,48
345,98.6753,50.417496,7.56041,0,650,0,0,0,0,0,0,0,0,0,0,25.65,2,0,0,0,0,0,412.35,0,0,63,0,65,107.594,86.656,84.45,34824,13.090909,26,34824,0.01851968,-0.1177848,0.02259936,0,2021,6,1,0,28,55
346,98.6753,50.417496,7.56041,0,650,0,0,0,0,0,0,0,0,0,0,25.65,2,0,0,0,0,0,412.35,0,0,63,0,65,107.594,86.656,84.45,34824,13.090909,26,34824,0.01851968,-0.1177848,0.02259936,0,2021,6,1,0,28,56
347,98.6753,50.417496,7.56041,0,650,0,0,0,0,0,0,0,0,0,0,25.65,2,0,0,0,0,0,412.35,0,0,63,0,64,107.594,85.719,84.45,34824,13.090909,26,34824,0.01851968,-0.1177848,0.02259936,0,2021,6,1,0,28,57
348,98.6753,50.417496,7.56041,0,650,0,0,0,0,0,0,0,0,0,0,25.65,2,0,0,0,0,0,412.35,0,0,63,0,64,107.594,85.719,84.45,34824,13.090909,26,34824,0.01851968,-0.1177848,0.02259936,0,2021,6,1,0,28,58
349,98.6753,50.417496,7.56041,0,650,0,0,0,0,0,0,0,0,0,0,25.65,2,0,0,0,0,0,412.35,0,0,63,0,64,107.594,85.719,84.45,34824,13.090909,26,34824,0.01909424,-0.11721024,0.00651168,0,2021,6,1,0,29,1
350,98.6753,50.417496,7.56041,0,650,0,0,0,0,0,0,0,0,0,0,25.65,2,0,0,0,0,0,412.35,0,0,63,0,64,107.594,85.719,84.45,34824,13.090909,25.90909,34824,0.01909424,-0.11721024,0.00651168,0,2021,6,1,0,29,11
351,98.6753,50.417496,7.56041,0,650,0,0,0,0,0,0,0,0,0,0,25.65,2,0,0,0,0,0,412.35,0,0,63,0,64,107.594,85.719,84.45,34824,13.090909,25.90909,34824,0.02522288,-0.11893392,0.00900144,0,2021,6,1,0,29,13
352,98.6753,50.417496,7.56041,0,650,0,0,0,0,0,0,0,0,0,0,25.65,2,0,0,0,0,0,412.35,0,0,63,0,64,107.594,85.719,84.45,34824,13.090909,25.90909,34824,0.01507232,-0.12563711,-0.00076608,0,2021,6,1,0,29,25
353,98.6753,50.417496,7.56041,0,650,0,0,0,0,0,0,0,0,0,0,25.65,2,0,0,0,0,0,412.35,0,0,63,0,64,107.594,85.719,84.45,34824,13.090909,25.90909,34824,0.01507232,-0.12563711,-0.00076608,0,2021,6,1,0,29,26
354,98.6753,50.417496,7.56041,0,650,0,0,0,0,0,0,0,0,0,0,25.65,2,0,0,0,0,0,412.35,0,0,63,0,64,107.594,85.719,84.45,34824,13.090909,25.90909,34824,0.01507232,-0.12563711,-0.00076608,0,2021,6,1,0,29,27
355,98.6753,50.417496,7.56041,0,650,0,0,0,0,0,0,0,0,0,0,25.65,2,0,0,0,0,0,412.35,0,0,63,0,64,106.688,85.719,84.45,34824,13.090909,25.90909,34824,0.01507232,-0.12563711,-0.00076608,0,2021,6,1,0,29,28
356,98.6753,50.417496,7.56041,0,650,0,0,0,0,0,0,0,0,0,0,25.65,2,0,0,0,0,0,412.35,0,0,63,0,64,106.688,85.719,84.45,34824,13.090909,25.90909,34824,0.01162496,-0.12889296,0.00632016,0,2021,6,1,0,29,38
357,98.6753,50.417496,7.56041,0,650,0,0,0,0,0,0,0,0,0,0,25.65,2,0,0,0,0,0,412.35,0,0,63,0,64,106.688,85.719,84.45,34824,12.8,26,34824,0.01162496,-0.12889296,0.00632016,0,2021,6,1,0,29,40
358,98.6753,50.417496,7.56041,0,650,0,0,0,0,0,0,0,0,0,0,25.65,2,0,0,0,0,0,412.35,0,0,63,0,64,106.688,85.719,84.45,34824,12.8,26,34824,0.02847872,-0.11146464,0.01206576,0,2021,6,1,0,29,50
359,98.6753,50.417496,7.56041,0,650,0,0,0,0,0,0,0,0,0,0,25.65,2,0,0,0,0,0,412.35,0,0,63,0,64,106.688,85.719,84.45,34824,12.8,26,34824,0.02847872,-0.11146464,0.01206576,0,2021,6,1,0,29,55
360,98.6753,50.417496,7.56041,0,650,0,0,0,0,0,0,0,0,0,0,25.65,2,0,0,0,0,0,412.35,0,0,63,0,64,106.688,85.719,84.45,34824,12.8,26,34824,0.02847872,-0.11146464,0.01206576,0,2021,6,1,0,29,56
361,98.6753,50.417496,7.56041,0,650,0,0,0,0,0,0,0,0,0,0,25.65,2,0,0,0,0,0,412.35,0,0,63,0,64,106.688,85.719,84.45,34824,12.8,26,34824,0.02847872,-0.11146464,0.01206576,0,2021,6,1,0,29,57
362,98.6753,50.417496,7.56041,0,650,0,0,0,0,0,0,0,0,0,0,25.65,2,0,0,0,0,0,412.35,0,0,63,0,64,106.688,85.719,84.45,34824,12.8,26,34824,0.02847872,-0.11146464,0.01206576,0,2021,6,1,0,29,58
363,98.6753,50.417496,7.56041,0,650,0,0,0,0,0,0,0,0,0,0,25.65,2,0,0,0,0,0,412.35,0,0,63,0,64,106.688,85.719,84.45,34824,12.8,26,34824,0.01909424,-0.11567808,0.00172368,0,2021,6,1,0,30,3
364,98.6753,50.417496,7.56041,0,650,0,0,0,0,0,0,0,0,0,0,25.65,1.8181819,0,0,0,0,0,412.35,0,0,63,0,64,106.688,85.719,84.45,34824,13.090909,25.727272,34824,0.01909424,-0.11567808,0.00172368,0,2021,6,1,0,30,10
365,98.6753,50.417496,7.56041,0,650,0,0,0,0,0,0,0,0,0,0,25.65,1.8181819,0,0,0,0,0,412.35,0,0,63,0,64,106.688,85.719,84.45,34824,13.090909,25.727272,34824,0.01124192,-0.11472048,0.00689472,0,2021,6,1,0,30,15
366,98.6753,50.41748,7.560375,0,650,0,0,0,0,0,0,0,0,0,0,25.65,1.8181819,0,0,0,0,0,412.35,0,0,63,0,64,106.688,85.719,84.45,34824,13.090909,25.727272,34824,0.01124192,-0.11472048,0.00689472,0,2021,6,1,0,30,25
367,98.6753,50.41748,7.560375,0,650,0,0,0,0,0,0,0,0,0,0,25.65,1.8181819,0,0,0,0,0,412.35,0,0,63,0,64,106.688,85.719,84.45,34824,13.090909,25.727272,34824,0.01124192,-0.11472048,0.00689472,0,2021,6,1,0,30,26
368,98.6753,50.41748,7.560375,0,650,0,0,0,0,0,0,0,0,0,0,25.65,1.8181819,0,0,0,0,0,412.35,0,0,63,0,64,106.688,85.719,84.45,34824,13.090909,25.727272,34824,0.01545536,-0.105336,0.00402192,0,2021,6,1,0,30,27
369,98.6753,50.41748,7.560375,0,650,0,0,0,0,0,0,0,0,0,0,25.65,1.8181819,0,0,0,0,0,412.35,0,0,63,0,64,106.688,85.719,84.45,34824,13.090909,25.727272,34824,0.01545536,-0.105336,0.00402192,0,2021,6,1,0,30,28
370,98.6753,50.41748,7.560375,0,650,0,0,0,0,0,0,0,0,0,0,25.65,1.8181819,0,0,0,0,0,412.35,0,0,63,0,64,106.688,85.719,84.45,34824,13.090909,25.727272,34824,0.02005184,-0.10514448,0.00114912,0,2021,6,1,0,30,40
371,98.6753,50.41748,7.560375,0,650,0,0,0,0,0,0,0,0,0,0,25.65,2,0,0,0,0,0,412.35,0,0,62.81818,0,64,106.688,85.719,84.45,34824,11.636364,25.90909,34824,0.02005184,-0.10514448,0.00114912,0,2021,6,1,0,30,41
372,98.6753,50.41748,7.560375,0,650,0,0,0,0,0,0,0,0,0,0,25.65,2,0,0,0,0,0,412.35,0,0,62.81818,0,64,106.688,85.719,84.45,34824,11.636364,25.90909,34824,0.021584,-0.13061664,0.01398096,0,2021,6,1,0,30,52
373,98.6753,50.417465,7.560382,0,650,0,0,0,0,0,0,0,0,0,0,25.65,2,0,0,0,0,0,412.35,0,0,62.81818,0,64,106.688,85.719,84.45,34824,11.636364,25.90909,34824,0.021584,-0.13061664,0.01398096,0,2021,6,1,0,30,55
374,98.6753,50.417465,7.560382,0,650,0,0,0,0,0,0,0,0,0,0,25.65,2,0,0,0,0,0,412.35,0,0,62.81818,0,64,106.688,85.719,84.45,34824,11.636364,25.90909,34824,0.021584,-0.13061664,0.01398096,0,2021,6,1,0,30,56
375,98.6753,50.417465,7.560382,0,650,0,0,0,0,0,0,0,0,0,0,25.65,2,0,0,0,0,0,412.35,0,0,62.81818,0,64,106.688,85.719,84.45,34824,11.636364,25.90909,34824,0.021584,-0.13061664,0.01398096,0,2021,6,1,0,30,57
376,98.6753,50.417465,7.560382,0,650,0,0,0,0,0,0,0,0,0,0,25.65,2,0,0,0,0,0,412.35,0,0,62.81818,0,64,106.688,85.719,84.45,34824,11.636364,25.90909,34824,0.021584,-0.13061664,0.01398096,0,2021,6,1,0,30,58
377,98.6753,50.417465,7.560382,0,650,0,0,0,0,0,0,0,0,0,0,25.65,2,0,0,0,0,0,412.35,0,0,62.81818,0,64,106.688,85.719,84.45,34824,11.636364,25.90909,34824,0.01162496,-0.12487104,0.0076608,0,2021,6,1,0,31,5
378,98.6753,50.417465,7.560382,0,650,0,0,0,0,0,0,0,0,0,0,25.65,2,0,0,0,0,0,412.35,0,0,62.9,0,64,106.688,85.719,84.45,34824,12.8,25.6,34824,0.01162496,-0.12487104,0.0076608,0,2021,6,1,0,31,11
379,98.6753,50.417465,7.560382,0,650,0,0,0,0,0,0,0,0,0,0,25.65,2,0,0,0,0,0,412.35,0,0,62.9,0,64,106.688,85.719,84.45,34824,12.8,25.6,34824,0.01507232,-0.11510352,0.0162792,0,2021,6,1,0,31,17
380,98.6753,50.417465,7.560382,0,650,0,0,0,0,0,0,0,0,0,0,25.65,2,0,0,0,0,0,412.35,0,0,62.9,0,64,106.688,85.719,84.45,34824,12.8,25.6,34824,0.01507232,-0.11510352,0.0162792,0,2021,6,1,0,31,25
381,98.6753,50.417465,7.560382,0,650,0,0,0,0,0,0,0,0,0,0,25.65,2,0,0,0,0,0,412.35,0,0,62.9,0,64,106.438,84.781,84.45,34824,12.8,25.6,34824,0.01507232,-0.11510352,0.0162792,0,2021,6,1,0,31,26
382,98.6753,50.417465,7.560382,0,650,0,0,0,0,0,0,0,0,0,0,25.65,2,0,0,0,0,0,412.35,0,0,62.9,0,64,106.438,84.781,84.45,34824,12.8,25.6,34824,0.01507232,-0.11510352,0.0162792,0,2021,6,1,0,31,27
383,98.6753,50.417465,7.560382,0,650,0,0,0,0,0,0,0,0,0,0,25.65,2,0,0,0,0,0,412.35,0,0,62.9,0,64,106.438,84.781,84.45,34824,12.8,25.6,34824,0.01507232,-0.11510352,0.0162792,0,2021,6,1,0,31,28
384,98.6753,50.417465,7.560382,0,650,0,0,0,0,0,0,0,0,0,0,25.65,2,0,0,0,0,0,412.35,0,0,62.9,0,64,106.438,84.781,84.45,34824,12.8,25.6,34824,0.01085888,-0.11606112,0.01493856,0,2021,6,1,0,31,30
385,98.6753,50.417465,7.560382,0,650,0,0,0,0,0,0,0,0,0,0,25.65,2,0,0,0,0,0,412.35,0,0,62.909092,0,64,106.438,84.781,84.45,34824,14.545455,26,34824,0.01085888,-0.11606112,0.01493856,0,2021,6,1,0,31,41
386,98.6753,50.417465,7.560382,0,650,0,0,0,0,0,0,0,0,0,0,25.65,2,0,0,0,0,0,412.35,0,0,62.909092,0,64,106.438,84.781,84.45,34824,14.545455,26,34824,0.0091352,-0.11644416,0.00689472,0,2021,6,1,0,31,42
387,98.6753,50.417465,7.560382,0,650,0,0,0,0,0,0,0,0,0,0,25.65,2,0,0,0,0,0,412.35,0,0,62.909092,0,64,106.438,84.781,84.45,34824,14.545455,26,34824,0.02215856,-0.11337984,0.0057456,0,2021,6,1,0,31,54
388,98.6753,50.417465,7.560382,0,650,0,0,0,0,0,0,0,0,0,0,25.65,2,0,0,0,0,0,412.35,0,0,62.909092,0,64,106.438,84.781,84.45,34824,14.545455,26,34824,0.02215856,-0.11337984,0.0057456,0,2021,6,1,0,31,55
389,98.6753,50.417465,7.560382,0,650,0,0,0,0,0,0,0,0,0,0,25.65,2,0,0,0,0,0,412.35,0,0,62.909092,0,64,106.438,84.781,84.45,34824,14.545455,26,34824,0.02215856,-0.11337984,0.0057456,0,2021,6,1,0,31,56
390,98.6753,50.417465,7.560382,0,650,0,0,0,0,0,0,0,0,0,0,25.65,2,0,0,0,0,0,412.35,0,0,62.909092,0,64,105.75,85.719,84.45,34824,14.545455,26,34824,0.02215856,-0.11337984,0.0057456,0,2021,6,1,0,31,57
391,98.6753,50.417465,7.560382,0,650,0,0,0,0,0,0,0,0,0,0,25.65,2,0,0,0,0,0,412.35,0,0,62.909092,0,64,105.75,85.719,84.45,34824,14.545455,26,34824,0.02215856,-0.11337984,0.0057456,0,2021,6,1,0,31,58
392,98.6753,50.417465,7.560382,0,650,0,0,0,0,0,0,0,0,0,0,25.65,2,0,0,0,0,0,412.35,0,0,62.909092,0,64,105.75,85.719,84.45,34824,14.545455,26,34824,0.0177536,-0.11242224,0.00325584,0,2021,6,1,0,32,7
393,98.6753,50.417465,7.560382,0,650,0,0,0,0,0,0,0,0,0,0,25.65,1,0,0,0,0,0,412.35,0,0,62.5,0,64,105.75,85.719,84.45,34824,14.4,25.9,34824,0.0177536,-0.11242224,0.00325584,0,2021,6,1,0,32,10
394,98.6753,50.417465,7.560382,0,650,0,0,0,0,0,0,0,0,0,0,25.65,1,0,0,0,0,0,412.35,0,0,62.5,0,64,105.75,85.719,84.45,34824,14.4,25.9,34824,0.02081792,-0.11452896,0.00746928,0,2021,6,1,0,32,20
395,98.6753,50.417465,7.560382,0,650,0,0,0,0,0,0,0,0,0,0,25.65,1,0,0,0,0,0,412.35,0,0,62.5,0,64,105.75,85.719,84.45,34824,14.4,25.9,34824,0.02081792,-0.11452896,0.00746928,0,2021,6,1,0,32,25
396,98.6753,50.417465,7.560382,0,650,0,0,0,0,0,0,0,0,0,0,25.65,1,0,0,0,0,0,412.35,0,0,62.5,0,64,106.438,84.781,84.45,34824,14.4,25.9,34824,0.02081792,-0.11452896,0.00746928,0,2021,6,1,0,32,26
397,98.6753,50.417465,7.560382,0,650,0,0,0,0,0,0,0,0,0,0,25.65,1,0,0,0,0,0,412.35,0,0,62.5,0,64,106.438,84.781,84.45,34824,14.4,25.9,34824,0.02081792,-0.11452896,0.00746928,0,2021,6,1,0,32,27
398,98.6753,50.417465,7.560382,0,650,0,0,0,0,0,0,0,0,0,0,25.65,1,0,0,0,0,0,412.35,0,0,62.5,0,64,106.438,84.781,84.45,34824,14.4,25.9,34824,0.02081792,-0.11452896,0.00746928,0,2021,6,1,0,32,28
399,98.6753,50.417465,7.560382,0,650,0,0,0,0,0,0,0,0,0,0,25.65,1,0,0,0,0,0,412.35,0,0,62.5,0,64,106.438,84.781,84.45,34824,14.4,25.9,34824,0.01794512,-0.12104064,0.01110816,0,2021,6,1,0,32,32
400,98.6753,50.417465,7.560382,0,650,0,0,0,0,0,0,0,0,0,0,25.65,1.3333334,0,0,0,0,0,412.35,0,0,62.583332,0,64,106.438,84.781,84.45,34824,14.666667,25.833334,34824,0.01794512,-0.12104064,0.01110816,0,2021,6,1,0,32,42
401,98.6753,50.417465,7.560382,0,650,0,0,0,0,0,0,0,0,0,0,25.65,1.3333334,0,0,0,0,0,412.35,0,0,62.583332,0,64,106.438,84.781,84.45,34824,14.666667,25.833334,34824,0.01717904,-0.1273608,0.00076608,0,2021,6,1,0,32,44
402,98.6753,50.417465,7.560382,0,650,0,0,0,0,0,0,0,0,0,0,25.65,1.3333334,0,0,0,0,0,412.35,0,0,62.583332,0,64,106.438,84.781,84.45,34824,14.666667,25.833334,34824,0.01564688,-0.12525408,0.00746928,0,2021,6,1,0,32,57
403,98.6753,50.417465,7.560382,0,650,0,0,0,0,0,0,0,0,0,0,25.65,1.3333334,0,0,0,0,0,412.35,0,0,62.583332,0,64,106.438,84.781,84.45,34824,14.666667,25.833334,34824,0.01564688,-0.12525408,0.00746928,0,2021,6,1,0,32,58
404,98.6753,50.417465,7.560382,0,650,0,0,0,0,0,0,0,0,0,0,25.65,1.3333334,0,0,0,0,0,412.35,0,0,62.583332,0,64,106.438,84.781,84.45,34824,14.666667,25.833334,34824,0.01564688,-0.12525408,0.00746928,0,2021,6,1,0,32,59
405,98.6753,50.417465,7.560382,0,650,0,0,0,0,0,0,0,0,0,0,25.65,1.3333334,0,0,0,0,0,412.35,0,0,62.583332,0,64,105.75,84.781,84.45,34824,14.666667,25.833334,34824,0.01564688,-0.12525408,0.00746928,0,2021,6,1,0,33,0
406,98.6753,50.417465,7.560382,0,650,0,0,0,0,0,0,0,0,0,0,25.65,1.3333334,0,0,0,0,0,412.35,0,0,62.583332,0,64,105.75,84.781,84.45,34824,14.666667,25.833334,34824,0.01660448,-0.12774384,0.00804384,0,2021,6,1,0,33,9
407,98.6753,50.417465,7.560382,0,650,0,0,0,0,0,0,0,0,0,0,25.65,0.6,0,0,0,0,0,412.35,0,0,62.2,0,64,105.75,84.781,84.45,34824,12.8,25.9,34824,0.01660448,-0.12774384,0.00804384,0,2021,6,1,0,33,12
408,98.6753,50.417465,7.560382,0,650,0,0,0,0,0,0,0,0,0,0,25.65,0.6,0,0,0,0,0,412.35,0,0,62.2,0,64,105.75,84.781,84.45,34824,12.8,25.9,34824,0.01354016,-0.13272336,0.00153216,0,2021,6,1,0,33,22
409,98.6753,50.417465,7.560382,0,650,0,0,0,0,0,0,0,0,0,0,25.65,0.6,0,0,0,0,0,412.35,0,0,62.2,0,64,105.75,84.781,84.45,34824,12.8,25.9,34824,0.01354016,-0.13272336,0.00153216,0,2021,6,1,0,33,27
410,98.6753,50.417465,7.560382,0,650,0,0,0,0,0,0,0,0,0,0,25.65,0.6,0,0,0,0,0,412.35,0,0,62.2,0,64,105.75,84.781,84.45,34824,12.8,25.9,34824,0.01354016,-0.13272336,0.00153216,0,2021,6,1,0,33,28
411,98.6753,50.417465,7.560382,0,650,0,0,0,0,0,0,0,0,0,0,25.65,0.6,0,0,0,0,0,412.35,0,0,62.2,0,64,105.75,84.781,84.45,34824,12.8,25.9,34824,0.01354016,-0.13272336,0.00153216,0,2021,6,1,0,33,29
412,98.6753,50.417465,7.560382,0,650,0,0,0,0,0,0,0,0,0,0,25.65,0.6,0,0,0,0,0,412.35,0,0,62.2,0,64,105.75,84.781,84.45,34824,12.8,25.9,34824,0.01354016,-0.13272336,0.00153216,0,2021,6,1,0,33,30
413,98.6753,50.417465,7.560382,0,650,0,0,0,0,0,0,0,0,0,0,25.65,0.6,0,0,0,0,0,412.35,0,0,62.2,0,64,105.75,84.781,84.45,34824,12.8,25.9,34824,0.01832816,-0.110124,0.01110816,0,2021,6,1,0,33,34
414,98.6753,50.417465,7.560382,0,650,0,0,0,0,0,0,0,0,0,0,25.65,0,0,0,0,0,0,412.35,0,0,62.272728,0,64,105.75,84.781,84.45,34824,14.545455,25.90909,34824,0.01832816,-0.110124,0.01110816,0,2021,6,1,0,33,42
415,98.6753,50.417465,7.560382,0,650,0,0,0,0,0,0,0,0,0,0,25.65,0,0,0,0,0,0,412.35,0,0,62.272728,0,64,105.75,84.781,84.45,34824,14.545455,25.90909,34824,0.02139248,-0.1283184,-0.00076608,0,2021,6,1,0,33,47
416,98.6753,50.41747,7.560382,0,650,0,0,0,0,0,0,0,0,0,0,25.65,0,0,0,0,0,0,412.35,0,0,62.272728,0,64,105.75,84.781,84.45,34824,14.545455,25.90909,34824,0.02139248,-0.1283184,-0.00076608,0,2021,6,1,0,33,57
417,98.6753,50.41747,7.560382,0,650,0,0,0,0,0,0,0,0,0,0,25.65,0,0,0,0,0,0,412.35,0,0,62.272728,0,64,105.75,84.781,84.45,34824,14.545455,25.90909,34824,0.02139248,-0.1283184,-0.00076608,0,2021,6,1,0,33,58
418,98.6753,50.41747,7.560382,0,650,0,0,0,0,0,0,0,0,0,0,25.65,0,0,0,0,0,0,412.35,0,0,62.272728,0,64,104.844,84.781,84.45,34824,14.545455,25.90909,34824,0.02235008,-0.11950848,0.0086184,0,2021,6,1,0,33,59
419,98.6753,50.41747,7.560382,0,650,0,0,0,0,0,0,0,0,0,0,25.65,0,0,0,0,0,0,412.35,0,0,62.272728,0,64,104.844,84.781,84.45,34824,14.545455,25.90909,34824,0.02235008,-0.11950848,0.0086184,0,2021,6,1,0,34,0
420,98.6753,50.41747,7.560382,0,650,0,0,0,0,0,0,0,0,0,0,25.65,0,0,0,0,0,0,412.35,0,0,62,0,64,104.844,84.781,84.45,34824,16,25.9,34824,0.02407376,-0.11433744,0.00019152,0,2021,6,1,0,34,12
421,98.6753,50.41747,7.560382,0,650,0,0,0,0,0,0,0,0,0,0,25.65,0,0,0,0,0,0,412.35,0,0,62,0,64,104.844,84.781,84.45,34824,16,25.9,34824,0.01832816,-0.110124,0.01206576,0,2021,6,1,0,34,24
422,98.6753,50.41747,7.560382,0,650,0,0,0,0,0,0,0,0,0,0,25.65,0,0,0,0,0,0,412.35,0,0,62,0,64,104.844,84.781,84.45,34824,16,25.9,34824,0.01832816,-0.110124,0.01206576,0,2021,6,1,0,34,27
423,98.6753,50.41747,7.560382,0,650,0,0,0,0,0,0,0,0,0,0,25.65,0,0,0,0,0,0,412.35,0,0,62,0,64,104.844,84.781,84.45,34824,16,25.9,34824,0.01832816,-0.110124,0.01206576,0,2021,6,1,0,34,28
424,98.6753,50.41747,7.560382,0,650,0,0,0,0,0,0,0,0,0,0,25.65,0,0,0,0,0,0,412.35,0,0,62,0,64,104.844,84.781,84.45,34824,16,25.9,34824,0.01832816,-0.110124,0.01206576,0,2021,6,1,0,34,29
425,98.6753,50.41747,7.560382,0,650,0,0,0,0,0,0,0,0,0,0,25.65,0,0,0,0,0,0,412.35,0,0,62,0,64,104.844,84.781,84.45,34824,16,25.9,34824,0.02752112,-0.1110816,0.00172368,0,2021,6,1,0,34,37
426,98.6753,50.41747,7.560382,0,650,0,0,0,0,0,0,0,0,0,0,25.65,1.8181819,0,0,0,0,0,412.35,0,0,62,0,64,104.844,84.781,84.45,34824,14.545455,25.727272,34824,0.02752112,-0.1110816,0.00172368,0,2021,6,1,0,34,41
427,98.6753,50.41747,7.560382,0,650,0,0,0,0,0,0,0,0,0,0,25.65,1.8181819,0,0,0,0,0,412.35,0,0,62,0,64,104.844,84.781,84.45,34824,14.545455,25.727272,34824,0.0187112,-0.11835936,0.009576,0,2021,6,1,0,34,49
428,98.6753,50.41747,7.560381,0,650,0,0,0,0,0,0,0,0,0,0,25.65,1.8181819,0,0,0,0,0,412.35,0,0,62,0,64,104.844,84.781,84.45,34824,14.545455,25.727272,34824,0.0187112,-0.11835936,0.009576,0,2021,6,1,0,34,57
429,98.6753,50.41747,7.560381,0,650,0,0,0,0,0,0,0,0,0,0,25.65,1.8181819,0,0,0,0,0,412.35,0,0,62,0,64,104.844,83.844,84.45,34824,14.545455,25.727272,34824,0.0187112,-0.11835936,0.009576,0,2021,6,1,0,34,58
430,98.6753,50.41747,7.560381,0,650,0,0,0,0,0,0,0,0,0,0,25.65,1.8181819,0,0,0,0,0,412.35,0,0,62,0,64,104.844,83.844,84.45,34824,14.545455,25.727272,34824,0.0187112,-0.11835936,0.009576,0,2021,6,1,0,34,59
431,98.6753,50.41747,7.560381,0,650,0,0,0,0,0,0,0,0,0,0,25.65,1.8181819,0,0,0,0,0,412.35,0,0,62,0,64,104.844,83.844,84.45,34824,14.545455,25.727272,34824,0.0187112,-0.11835936,0.009576,0,2021,6,1,0,35,0
432,98.6753,50.41747,7.560381,0,650,0,0,0,0,0,0,0,0,0,0,25.65,1.8181819,0,0,0,0,0,412.35,0,0,62,0,64,104.844,83.844,84.45,34824,14.545455,25.727272,34824,0.02426528,-0.12084912,0.00727776,0,2021,6,1,0,35,2
433,98.6753,50.41747,7.560381,0,650,0,0,0,0,0,0,0,0,0,0,25.65,0.18181819,0,0,0,0,0,412.35,0,0,62,0,64,104.844,83.844,84.45,34824,14.545455,26,34824,0.02426528,-0.12084912,0.00727776,0,2021,6,1,0,35,12
434,98.6753,50.41747,7.560381,0,650,0,0,0,0,0,0,0,0,0,0,25.65,0.18181819,0,0,0,0,0,412.35,0,0,62,0,64,104.844,83.844,84.45,34824,14.545455,26,34824,0.01717904,-0.12621167,0.00114912,0,2021,6,1,0,35,14
435,98.6753,50.41747,7.560381,0,650,0,0,0,0,0,0,0,0,0,0,25.65,0.18181819,0,0,0,0,0,412.35,0,0,62,0,64,104.844,83.844,84.45,34824,14.545455,26,34824,0.00894368,-0.12008304,0.00651168,0,2021,6,1,0,35,26
436,98.6753,50.41747,7.560382,0,650,0,0,0,0,0,0,0,0,0,0,25.65,0.18181819,0,0,0,0,0,412.35,0,0,62,0,64,104.844,83.844,84.45,34824,14.545455,26,34824,0.00894368,-0.12008304,0.00651168,0,2021,6,1,0,35,27
437,98.6753,50.41747,7.560382,0,650,0,0,0,0,0,0,0,0,0,0,25.65,0.18181819,0,0,0,0,0,412.35,0,0,62,0,64,104.844,83.844,84.45,34824,14.545455,26,34824,0.00894368,-0.12008304,0.00651168,0,2021,6,1,0,35,28
438,98.6753,50.41747,7.560382,0,650,0,0,0,0,0,0,0,0,0,0,25.7,0.18181819,0,0,0,0,0,412.35,0,0,62,0,64,103.938,84.531,84.45,34824,14.545455,26,34824,0.00894368,-0.12008304,0.00651168,0,2021,6,1,0,35,29
439,98.6753,50.41747,7.560382,0,650,0,0,0,0,0,0,0,0,0,0,25.7,0.18181819,0,0,0,0,0,412.35,0,0,62,0,64,103.938,84.531,84.45,34824,14.545455,26,34824,0.00894368,-0.12008304,0.00651168,0,2021,6,1,0,35,30
440,98.6753,50.41747,7.560382,0,650,0,0,0,0,0,0,0,0,0,0,25.7,0.18181819,0,0,0,0,0,412.35,0,0,62,0,64,103.938,84.531,84.45,34824,14.545455,26,34824,0.01354016,-0.11606112,0.00689472,0,2021,6,1,0,35,39
441,98.6753,50.41747,7.560382,0,650,0,0,0,0,0,0,0,0,0,0,25.7,0.6,0,0,0,0,0,412.35,0,0,62,0,64,103.938,84.531,84.45,34824,12.8,25.7,34824,0.01354016,-0.11606112,0.00689472,0,2021,6,1,0,35,42
442,98.6753,50.41747,7.560382,0,650,0,0,0,0,0,0,0,0,0,0,25.7,0.6,0,0,0,0,0,412.35,0,0,62,0,64,103.938,84.531,84.45,34824,12.8,25.7,34824,0.01545536,-0.12027456,0.00459648,0,2021,6,1,0,35,51
443,98.6753,50.41747,7.560382,0,650,0,0,0,0,0,0,0,0,0,0,25.65,0.6,0,0,0,2,0,412.35,0,0,62,0,64,103.938,83.844,84.45,34824,12.8,25.7,34824,0.01545536,-0.12027456,0.00459648,0,2021,6,1,0,35,57
444,98.6753,50.41747,7.560382,0,650,0,0,0,0,0,0,0,0,0,0,25.65,0.6,0,0,0,2,0,412.35,0,0,62,0,64,103.938,83.844,84.45,34824,12.8,25.7,34824,0.01545536,-0.12027456,0.00459648,0,2021,6,1,0,35,58
445,98.6753,50.41747,7.560382,0,650,0,0,0,0,0,0,0,0,0,0,25.65,0.6,0,0,0,2,0,412.35,0,0,62,0,64,103.938,83.844,84.45,34824,12.8,25.7,34824,0.01545536,-0.12027456,0.00459648,0,2021,6,1,0,35,59
446,98.6753,50.41747,7.560382,0,650,0,0,0,0,0,0,0,0,0,0,25.65,0.6,0,0,0,2,0,412.35,0,0,62,0,64,103.938,83.844,84.45,34824,12.8,25.7,34824,0.02235008,-0.129276,0.01685376,0,2021,6,1,0,36,4
447,98.6753,50.41747,7.560382,0,650,0,0,0,0,0,0,0,0,0,0,25.65,2,0,0,0,2,0,412.35,0,0,62,0,64,103.938,83.844,84.45,34824,13.090909,25.727272,34824,0.02235008,-0.129276,0.01685376,0,2021,6,1,0,36,11
